audio_path,sesion,segment_index,placa,electrodo,corriente,true_plate,true_electrode,true_current,pred_plate,pred_electrode,pred_current
audio/Placa_12mm/E6010/DC/240902-132741_Audio/240902-132741_6013-2.wav,240902-132741_Audio,0,Placa_12mm,E6010,DC,Placa_12mm,E6010,DC,Placa_12mm,E6011,DC
audio/Placa_12mm/E6010/DC/240902-132741_Audio/240902-132741_6013-2.wav,240902-132741_Audio,1,Placa_12mm,E6010,DC,Placa_12mm,E6010,DC,Placa_12mm,E6010,DC
audio/Placa_12mm/E6010/DC/240902-132741_Audio/240902-132741_6013-2.wav,240902-132741_Audio,2,Placa_12mm,E6010,DC,Placa_12mm,E6010,DC,Placa_12mm,E6010,DC
audio/Placa_12mm/E6010/DC/240902-132741_Audio/240902-132741_6013-2.wav,240902-132741_Audio,3,Placa_12mm,E6010,DC,Placa_12mm,E6010,DC,Placa_12mm,E6010,DC
audio/Placa_12mm/E6010/DC/240902-132741_Audio/240902-132741_6013-2.wav,240902-132741_Audio,4,Placa_12mm,E6010,DC,Placa_12mm,E6010,DC,Placa_12mm,E6010,DC
audio/Placa_12mm/E6010/DC/240902-132741_Audio/240902-132741_6013-2.wav,240902-132741_Audio,5,Placa_12mm,E6010,DC,Placa_12mm,E6010,DC,Placa_12mm,E6010,DC
audio/Placa_12mm/E6010/DC/240902-132741_Audio/240902-132741_6013-2.wav,240902-132741_Audio,6,Placa_12mm,E6010,DC,Placa_12mm,E6010,DC,Placa_12mm,E6010,DC
audio/Placa_12mm/E6010/DC/240902-132741_Audio/240902-132741_6013-2.wav,240902-132741_Audio,7,Placa_12mm,E6010,DC,Placa_12mm,E6010,DC,Placa_12mm,E6010,DC
audio/Placa_12mm/E6010/DC/240902-132741_Audio/240902-132741_6013-2.wav,240902-132741_Audio,8,Placa_12mm,E6010,DC,Placa_12mm,E6010,DC,Placa_12mm,E6010,DC
audio/Placa_12mm/E6010/DC/240902-132741_Audio/240902-132741_6013-2.wav,240902-132741_Audio,9,Placa_12mm,E6010,DC,Placa_12mm,E6010,DC,Placa_12mm,E6010,DC
audio/Placa_12mm/E6010/DC/240902-132741_Audio/240902-132741_6013-2.wav,240902-132741_Audio,10,Placa_12mm,E6010,DC,Placa_12mm,E6010,DC,Placa_12mm,E6010,DC
audio/Placa_12mm/E6010/DC/240902-132741_Audio/240902-132741_6013-2.wav,240902-132741_Audio,11,Placa_12mm,E6010,DC,Placa_12mm,E6010,DC,Placa_12mm,E6010,DC
audio/Placa_12mm/E6010/DC/240902-132741_Audio/240902-132741_6013-2.wav,240902-132741_Audio,12,Placa_12mm,E6010,DC,Placa_12mm,E6010,DC,Placa_12mm,E6010,DC
audio/Placa_12mm/E6010/DC/240902-132741_Audio/240902-132741_6013-2.wav,240902-132741_Audio,13,Placa_12mm,E6010,DC,Placa_12mm,E6010,DC,Placa_12mm,E6010,DC
audio/Placa_12mm/E6010/DC/240902-132741_Audio/240902-132741_6013-2.wav,240902-132741_Audio,14,Placa_12mm,E6010,DC,Placa_12mm,E6010,DC,Placa_12mm,E6010,DC
audio/Placa_12mm/E6010/DC/240902-132741_Audio/240902-132741_6013-2.wav,240902-132741_Audio,15,Placa_12mm,E6010,DC,Placa_12mm,E6010,DC,Placa_12mm,E6010,DC
audio/Placa_12mm/E6010/DC/240902-132741_Audio/240902-132741_6013-2.wav,240902-132741_Audio,16,Placa_12mm,E6010,DC,Placa_12mm,E6010,DC,Placa_12mm,E6010,DC
audio/Placa_12mm/E6010/DC/240902-132741_Audio/240902-132741_6013-2.wav,240902-132741_Audio,17,Placa_12mm,E6010,DC,Placa_12mm,E6010,DC,Placa_6mm,E6010,DC
audio/Placa_12mm/E6010/DC/240902-132741_Audio/240902-132741_6013-2.wav,240902-132741_Audio,18,Placa_12mm,E6010,DC,Placa_12mm,E6010,DC,Placa_12mm,E6010,DC
audio/Placa_12mm/E6010/DC/240902-132741_Audio/240902-132741_6013-2.wav,240902-132741_Audio,19,Placa_12mm,E6010,DC,Placa_12mm,E6010,DC,Placa_12mm,E6011,DC
audio/Placa_12mm/E6010/DC/240902-132928_Audio/240902-132928_6013-2.wav,240902-132928_Audio,0,Placa_12mm,E6010,DC,Placa_12mm,E6010,DC,Placa_6mm,E6011,AC
audio/Placa_12mm/E6010/DC/240902-132928_Audio/240902-132928_6013-2.wav,240902-132928_Audio,1,Placa_12mm,E6010,DC,Placa_12mm,E6010,DC,Placa_6mm,E6011,AC
audio/Placa_12mm/E6010/DC/240902-132928_Audio/240902-132928_6013-2.wav,240902-132928_Audio,2,Placa_12mm,E6010,DC,Placa_12mm,E6010,DC,Placa_6mm,E6011,DC
audio/Placa_12mm/E6010/DC/240902-132928_Audio/240902-132928_6013-2.wav,240902-132928_Audio,3,Placa_12mm,E6010,DC,Placa_12mm,E6010,DC,Placa_12mm,E6010,DC
audio/Placa_12mm/E6010/DC/240902-132928_Audio/240902-132928_6013-2.wav,240902-132928_Audio,4,Placa_12mm,E6010,DC,Placa_12mm,E6010,DC,Placa_12mm,E6010,DC
audio/Placa_12mm/E6010/DC/240902-132928_Audio/240902-132928_6013-2.wav,240902-132928_Audio,5,Placa_12mm,E6010,DC,Placa_12mm,E6010,DC,Placa_6mm,E6010,DC
audio/Placa_12mm/E6010/DC/240902-132928_Audio/240902-132928_6013-2.wav,240902-132928_Audio,6,Placa_12mm,E6010,DC,Placa_12mm,E6010,DC,Placa_12mm,E6010,DC
audio/Placa_12mm/E6010/DC/240902-132928_Audio/240902-132928_6013-2.wav,240902-132928_Audio,7,Placa_12mm,E6010,DC,Placa_12mm,E6010,DC,Placa_12mm,E6010,DC
audio/Placa_12mm/E6010/DC/240902-132928_Audio/240902-132928_6013-2.wav,240902-132928_Audio,8,Placa_12mm,E6010,DC,Placa_12mm,E6010,DC,Placa_6mm,E6010,DC
audio/Placa_12mm/E6010/DC/240902-132928_Audio/240902-132928_6013-2.wav,240902-132928_Audio,9,Placa_12mm,E6010,DC,Placa_12mm,E6010,DC,Placa_6mm,E6011,DC
audio/Placa_12mm/E6010/DC/240902-132928_Audio/240902-132928_6013-2.wav,240902-132928_Audio,10,Placa_12mm,E6010,DC,Placa_12mm,E6010,DC,Placa_12mm,E6010,DC
audio/Placa_12mm/E6010/DC/240902-132928_Audio/240902-132928_6013-2.wav,240902-132928_Audio,11,Placa_12mm,E6010,DC,Placa_12mm,E6010,DC,Placa_12mm,E6010,DC
audio/Placa_12mm/E6010/DC/240902-132928_Audio/240902-132928_6013-2.wav,240902-132928_Audio,12,Placa_12mm,E6010,DC,Placa_12mm,E6010,DC,Placa_12mm,E6010,DC
audio/Placa_12mm/E6010/DC/240902-132928_Audio/240902-132928_6013-2.wav,240902-132928_Audio,13,Placa_12mm,E6010,DC,Placa_12mm,E6010,DC,Placa_12mm,E6010,DC
audio/Placa_12mm/E6010/DC/240902-132928_Audio/240902-132928_6013-2.wav,240902-132928_Audio,14,Placa_12mm,E6010,DC,Placa_12mm,E6010,DC,Placa_12mm,E6010,DC
audio/Placa_12mm/E6010/DC/240902-132928_Audio/240902-132928_6013-2.wav,240902-132928_Audio,15,Placa_12mm,E6010,DC,Placa_12mm,E6010,DC,Placa_12mm,E6010,DC
audio/Placa_12mm/E6010/DC/240902-132928_Audio/240902-132928_6013-2.wav,240902-132928_Audio,16,Placa_12mm,E6010,DC,Placa_12mm,E6010,DC,Placa_6mm,E6013,DC
audio/Placa_12mm/E6010/DC/240902-132928_Audio/240902-132928_6013-2.wav,240902-132928_Audio,17,Placa_12mm,E6010,DC,Placa_12mm,E6010,DC,Placa_6mm,E6010,DC
audio/Placa_12mm/E6010/DC/240902-132928_Audio/240902-132928_6013-2.wav,240902-132928_Audio,18,Placa_12mm,E6010,DC,Placa_12mm,E6010,DC,Placa_6mm,E6010,DC
audio/Placa_12mm/E6010/DC/240902-132928_Audio/240902-132928_6013-2.wav,240902-132928_Audio,19,Placa_12mm,E6010,DC,Placa_12mm,E6010,DC,Placa_12mm,E6010,DC
audio/Placa_12mm/E6010/DC/240902-132928_Audio/240902-132928_6013-2.wav,240902-132928_Audio,20,Placa_12mm,E6010,DC,Placa_12mm,E6010,DC,Placa_6mm,E6011,DC
audio/Placa_12mm/E6010/DC/240902-132928_Audio/240902-132928_6013-2.wav,240902-132928_Audio,21,Placa_12mm,E6010,DC,Placa_12mm,E6010,DC,Placa_12mm,E6010,DC
audio/Placa_12mm/E6010/DC/240902-132928_Audio/240902-132928_6013-2.wav,240902-132928_Audio,22,Placa_12mm,E6010,DC,Placa_12mm,E6010,DC,Placa_12mm,E6011,DC
audio/Placa_12mm/E6010/DC/240902-132928_Audio/240902-132928_6013-2.wav,240902-132928_Audio,23,Placa_12mm,E6010,DC,Placa_12mm,E6010,DC,Placa_12mm,E6011,DC
audio/Placa_12mm/E6011/AC/240909-134918_Audio/240909-134918_6013-2.wav,240909-134918_Audio,0,Placa_12mm,E6011,AC,Placa_12mm,E6011,AC,Placa_12mm,E6013,AC
audio/Placa_12mm/E6011/AC/240909-134918_Audio/240909-134918_6013-2.wav,240909-134918_Audio,1,Placa_12mm,E6011,AC,Placa_12mm,E6011,AC,Placa_6mm,E6011,AC
audio/Placa_12mm/E6011/AC/240909-134918_Audio/240909-134918_6013-2.wav,240909-134918_Audio,2,Placa_12mm,E6011,AC,Placa_12mm,E6011,AC,Placa_6mm,E6011,AC
audio/Placa_12mm/E6011/AC/240909-134918_Audio/240909-134918_6013-2.wav,240909-134918_Audio,3,Placa_12mm,E6011,AC,Placa_12mm,E6011,AC,Placa_6mm,E6011,AC
audio/Placa_12mm/E6011/AC/240909-134918_Audio/240909-134918_6013-2.wav,240909-134918_Audio,4,Placa_12mm,E6011,AC,Placa_12mm,E6011,AC,Placa_12mm,E6011,AC
audio/Placa_12mm/E6011/AC/240909-134918_Audio/240909-134918_6013-2.wav,240909-134918_Audio,5,Placa_12mm,E6011,AC,Placa_12mm,E6011,AC,Placa_12mm,E6011,AC
audio/Placa_12mm/E6011/AC/240909-134918_Audio/240909-134918_6013-2.wav,240909-134918_Audio,6,Placa_12mm,E6011,AC,Placa_12mm,E6011,AC,Placa_12mm,E6011,AC
audio/Placa_12mm/E6011/AC/240909-134918_Audio/240909-134918_6013-2.wav,240909-134918_Audio,7,Placa_12mm,E6011,AC,Placa_12mm,E6011,AC,Placa_6mm,E6011,AC
audio/Placa_12mm/E6011/AC/240909-134918_Audio/240909-134918_6013-2.wav,240909-134918_Audio,8,Placa_12mm,E6011,AC,Placa_12mm,E6011,AC,Placa_6mm,E6011,AC
audio/Placa_12mm/E6011/AC/240909-134918_Audio/240909-134918_6013-2.wav,240909-134918_Audio,9,Placa_12mm,E6011,AC,Placa_12mm,E6011,AC,Placa_12mm,E6011,AC
audio/Placa_12mm/E6011/AC/240909-134918_Audio/240909-134918_6013-2.wav,240909-134918_Audio,10,Placa_12mm,E6011,AC,Placa_12mm,E6011,AC,Placa_12mm,E6011,AC
audio/Placa_12mm/E6011/AC/240909-134918_Audio/240909-134918_6013-2.wav,240909-134918_Audio,11,Placa_12mm,E6011,AC,Placa_12mm,E6011,AC,Placa_12mm,E6011,AC
audio/Placa_12mm/E6011/AC/240909-134918_Audio/240909-134918_6013-2.wav,240909-134918_Audio,12,Placa_12mm,E6011,AC,Placa_12mm,E6011,AC,Placa_12mm,E6011,AC
audio/Placa_12mm/E6011/AC/240909-134918_Audio/240909-134918_6013-2.wav,240909-134918_Audio,13,Placa_12mm,E6011,AC,Placa_12mm,E6011,AC,Placa_3mm,E6011,AC
audio/Placa_12mm/E6011/AC/240909-134918_Audio/240909-134918_6013-2.wav,240909-134918_Audio,14,Placa_12mm,E6011,AC,Placa_12mm,E6011,AC,Placa_12mm,E6011,AC
audio/Placa_12mm/E6011/AC/240909-134918_Audio/240909-134918_6013-2.wav,240909-134918_Audio,15,Placa_12mm,E6011,AC,Placa_12mm,E6011,AC,Placa_6mm,E6011,AC
audio/Placa_12mm/E6011/AC/240909-134918_Audio/240909-134918_6013-2.wav,240909-134918_Audio,16,Placa_12mm,E6011,AC,Placa_12mm,E6011,AC,Placa_6mm,E6011,AC
audio/Placa_12mm/E6011/AC/240909-134918_Audio/240909-134918_6013-2.wav,240909-134918_Audio,17,Placa_12mm,E6011,AC,Placa_12mm,E6011,AC,Placa_12mm,E6011,AC
audio/Placa_12mm/E6011/AC/240909-134918_Audio/240909-134918_6013-2.wav,240909-134918_Audio,18,Placa_12mm,E6011,AC,Placa_12mm,E6011,AC,Placa_12mm,E6011,AC
audio/Placa_12mm/E6011/AC/240909-134918_Audio/240909-134918_6013-2.wav,240909-134918_Audio,19,Placa_12mm,E6011,AC,Placa_12mm,E6011,AC,Placa_6mm,E6011,AC
audio/Placa_12mm/E6011/AC/240909-134918_Audio/240909-134918_6013-2.wav,240909-134918_Audio,20,Placa_12mm,E6011,AC,Placa_12mm,E6011,AC,Placa_12mm,E6011,AC
audio/Placa_12mm/E6011/AC/240909-134918_Audio/240909-134918_6013-2.wav,240909-134918_Audio,21,Placa_12mm,E6011,AC,Placa_12mm,E6011,AC,Placa_6mm,E6011,AC
audio/Placa_12mm/E6011/AC/240909-134918_Audio/240909-134918_6013-2.wav,240909-134918_Audio,22,Placa_12mm,E6011,AC,Placa_12mm,E6011,AC,Placa_6mm,E6011,AC
audio/Placa_12mm/E6011/AC/240909-134918_Audio/240909-134918_6013-2.wav,240909-134918_Audio,23,Placa_12mm,E6011,AC,Placa_12mm,E6011,AC,Placa_12mm,E6011,AC
audio/Placa_12mm/E6011/AC/240909-134918_Audio/240909-134918_6013-2.wav,240909-134918_Audio,24,Placa_12mm,E6011,AC,Placa_12mm,E6011,AC,Placa_12mm,E6011,AC
audio/Placa_12mm/E6011/AC/240909-134918_Audio/240909-134918_6013-2.wav,240909-134918_Audio,25,Placa_12mm,E6011,AC,Placa_12mm,E6011,AC,Placa_6mm,E6011,AC
audio/Placa_12mm/E6011/AC/240909-134918_Audio/240909-134918_6013-2.wav,240909-134918_Audio,26,Placa_12mm,E6011,AC,Placa_12mm,E6011,AC,Placa_12mm,E6011,AC
audio/Placa_12mm/E6011/AC/240909-134918_Audio/240909-134918_6013-2.wav,240909-134918_Audio,27,Placa_12mm,E6011,AC,Placa_12mm,E6011,AC,Placa_12mm,E6011,AC
audio/Placa_12mm/E6011/AC/240909-134918_Audio/240909-134918_6013-2.wav,240909-134918_Audio,28,Placa_12mm,E6011,AC,Placa_12mm,E6011,AC,Placa_12mm,E6011,AC
audio/Placa_12mm/E6011/AC/240909-134918_Audio/240909-134918_6013-2.wav,240909-134918_Audio,29,Placa_12mm,E6011,AC,Placa_12mm,E6011,AC,Placa_12mm,E6011,AC
audio/Placa_12mm/E6011/AC/240909-134918_Audio/240909-134918_6013-2.wav,240909-134918_Audio,30,Placa_12mm,E6011,AC,Placa_12mm,E6011,AC,Placa_12mm,E6011,AC
audio/Placa_12mm/E6011/AC/240909-140307_Audio/240909-140307_6013-2.wav,240909-140307_Audio,0,Placa_12mm,E6011,AC,Placa_12mm,E6011,AC,Placa_12mm,E6011,AC
audio/Placa_12mm/E6011/AC/240909-140307_Audio/240909-140307_6013-2.wav,240909-140307_Audio,1,Placa_12mm,E6011,AC,Placa_12mm,E6011,AC,Placa_12mm,E6011,AC
audio/Placa_12mm/E6011/AC/240909-140307_Audio/240909-140307_6013-2.wav,240909-140307_Audio,2,Placa_12mm,E6011,AC,Placa_12mm,E6011,AC,Placa_6mm,E6011,AC
audio/Placa_12mm/E6011/AC/240909-140307_Audio/240909-140307_6013-2.wav,240909-140307_Audio,3,Placa_12mm,E6011,AC,Placa_12mm,E6011,AC,Placa_12mm,E6011,AC
audio/Placa_12mm/E6011/AC/240909-140307_Audio/240909-140307_6013-2.wav,240909-140307_Audio,4,Placa_12mm,E6011,AC,Placa_12mm,E6011,AC,Placa_12mm,E6011,AC
audio/Placa_12mm/E6011/AC/240909-140307_Audio/240909-140307_6013-2.wav,240909-140307_Audio,5,Placa_12mm,E6011,AC,Placa_12mm,E6011,AC,Placa_12mm,E6011,AC
audio/Placa_12mm/E6011/AC/240909-140307_Audio/240909-140307_6013-2.wav,240909-140307_Audio,6,Placa_12mm,E6011,AC,Placa_12mm,E6011,AC,Placa_6mm,E6011,AC
audio/Placa_12mm/E6011/AC/240909-140307_Audio/240909-140307_6013-2.wav,240909-140307_Audio,7,Placa_12mm,E6011,AC,Placa_12mm,E6011,AC,Placa_12mm,E6011,AC
audio/Placa_12mm/E6011/AC/240909-140307_Audio/240909-140307_6013-2.wav,240909-140307_Audio,8,Placa_12mm,E6011,AC,Placa_12mm,E6011,AC,Placa_12mm,E6011,AC
audio/Placa_12mm/E6011/AC/240909-140307_Audio/240909-140307_6013-2.wav,240909-140307_Audio,9,Placa_12mm,E6011,AC,Placa_12mm,E6011,AC,Placa_12mm,E6011,AC
audio/Placa_12mm/E6011/AC/240909-140307_Audio/240909-140307_6013-2.wav,240909-140307_Audio,10,Placa_12mm,E6011,AC,Placa_12mm,E6011,AC,Placa_12mm,E6011,AC
audio/Placa_12mm/E6011/AC/240909-140307_Audio/240909-140307_6013-2.wav,240909-140307_Audio,11,Placa_12mm,E6011,AC,Placa_12mm,E6011,AC,Placa_12mm,E6011,AC
audio/Placa_12mm/E6011/AC/240909-140307_Audio/240909-140307_6013-2.wav,240909-140307_Audio,12,Placa_12mm,E6011,AC,Placa_12mm,E6011,AC,Placa_6mm,E6011,AC
audio/Placa_12mm/E6011/AC/240909-140307_Audio/240909-140307_6013-2.wav,240909-140307_Audio,13,Placa_12mm,E6011,AC,Placa_12mm,E6011,AC,Placa_6mm,E6011,AC
audio/Placa_12mm/E6011/AC/240909-140307_Audio/240909-140307_6013-2.wav,240909-140307_Audio,14,Placa_12mm,E6011,AC,Placa_12mm,E6011,AC,Placa_12mm,E6011,AC
audio/Placa_12mm/E6011/AC/240909-140307_Audio/240909-140307_6013-2.wav,240909-140307_Audio,15,Placa_12mm,E6011,AC,Placa_12mm,E6011,AC,Placa_6mm,E6011,AC
audio/Placa_12mm/E6011/AC/240909-140307_Audio/240909-140307_6013-2.wav,240909-140307_Audio,16,Placa_12mm,E6011,AC,Placa_12mm,E6011,AC,Placa_12mm,E6011,AC
audio/Placa_12mm/E6011/AC/240909-140307_Audio/240909-140307_6013-2.wav,240909-140307_Audio,17,Placa_12mm,E6011,AC,Placa_12mm,E6011,AC,Placa_12mm,E6011,AC
audio/Placa_12mm/E6011/AC/240909-140307_Audio/240909-140307_6013-2.wav,240909-140307_Audio,18,Placa_12mm,E6011,AC,Placa_12mm,E6011,AC,Placa_6mm,E6011,AC
audio/Placa_12mm/E6011/AC/240909-140307_Audio/240909-140307_6013-2.wav,240909-140307_Audio,19,Placa_12mm,E6011,AC,Placa_12mm,E6011,AC,Placa_12mm,E6011,AC
audio/Placa_12mm/E6011/AC/240909-140307_Audio/240909-140307_6013-2.wav,240909-140307_Audio,20,Placa_12mm,E6011,AC,Placa_12mm,E6011,AC,Placa_6mm,E6011,AC
audio/Placa_12mm/E6011/AC/240909-140307_Audio/240909-140307_6013-2.wav,240909-140307_Audio,21,Placa_12mm,E6011,AC,Placa_12mm,E6011,AC,Placa_12mm,E6011,AC
audio/Placa_12mm/E6011/AC/240909-140307_Audio/240909-140307_6013-2.wav,240909-140307_Audio,22,Placa_12mm,E6011,AC,Placa_12mm,E6011,AC,Placa_6mm,E6011,AC
audio/Placa_12mm/E6011/AC/240909-140307_Audio/240909-140307_6013-2.wav,240909-140307_Audio,23,Placa_12mm,E6011,AC,Placa_12mm,E6011,AC,Placa_6mm,E6011,AC
audio/Placa_12mm/E6011/AC/240909-140307_Audio/240909-140307_6013-2.wav,240909-140307_Audio,24,Placa_12mm,E6011,AC,Placa_12mm,E6011,AC,Placa_12mm,E6011,AC
audio/Placa_12mm/E6011/AC/240909-140307_Audio/240909-140307_6013-2.wav,240909-140307_Audio,25,Placa_12mm,E6011,AC,Placa_12mm,E6011,AC,Placa_12mm,E6011,AC
audio/Placa_12mm/E6011/AC/240909-140307_Audio/240909-140307_6013-2.wav,240909-140307_Audio,26,Placa_12mm,E6011,AC,Placa_12mm,E6011,AC,Placa_6mm,E6011,AC
audio/Placa_12mm/E6011/AC/240909-140307_Audio/240909-140307_6013-2.wav,240909-140307_Audio,27,Placa_12mm,E6011,AC,Placa_12mm,E6011,AC,Placa_12mm,E6011,AC
audio/Placa_12mm/E6011/AC/240909-140307_Audio/240909-140307_6013-2.wav,240909-140307_Audio,28,Placa_12mm,E6011,AC,Placa_12mm,E6011,AC,Placa_12mm,E6011,AC
audio/Placa_12mm/E6011/AC/240909-140307_Audio/240909-140307_6013-2.wav,240909-140307_Audio,29,Placa_12mm,E6011,AC,Placa_12mm,E6011,AC,Placa_12mm,E6011,AC
audio/Placa_12mm/E6011/AC/240909-140307_Audio/240909-140307_6013-2.wav,240909-140307_Audio,30,Placa_12mm,E6011,AC,Placa_12mm,E6011,AC,Placa_6mm,E6011,AC
audio/Placa_12mm/E6011/DC/240912-131906_Audio/240912-131906_6013-2.wav,240912-131906_Audio,0,Placa_12mm,E6011,DC,Placa_12mm,E6011,DC,Placa_12mm,E6010,DC
audio/Placa_12mm/E6011/DC/240912-131906_Audio/240912-131906_6013-2.wav,240912-131906_Audio,1,Placa_12mm,E6011,DC,Placa_12mm,E6011,DC,Placa_12mm,E6010,DC
audio/Placa_12mm/E6011/DC/240912-131906_Audio/240912-131906_6013-2.wav,240912-131906_Audio,2,Placa_12mm,E6011,DC,Placa_12mm,E6011,DC,Placa_12mm,E6011,DC
audio/Placa_12mm/E6011/DC/240912-131906_Audio/240912-131906_6013-2.wav,240912-131906_Audio,3,Placa_12mm,E6011,DC,Placa_12mm,E6011,DC,Placa_6mm,E6011,DC
audio/Placa_12mm/E6011/DC/240912-131906_Audio/240912-131906_6013-2.wav,240912-131906_Audio,4,Placa_12mm,E6011,DC,Placa_12mm,E6011,DC,Placa_12mm,E6011,DC
audio/Placa_12mm/E6011/DC/240912-131906_Audio/240912-131906_6013-2.wav,240912-131906_Audio,5,Placa_12mm,E6011,DC,Placa_12mm,E6011,DC,Placa_12mm,E6011,AC
audio/Placa_12mm/E6011/DC/240912-131906_Audio/240912-131906_6013-2.wav,240912-131906_Audio,6,Placa_12mm,E6011,DC,Placa_12mm,E6011,DC,Placa_12mm,E6011,DC
audio/Placa_12mm/E6011/DC/240912-131906_Audio/240912-131906_6013-2.wav,240912-131906_Audio,7,Placa_12mm,E6011,DC,Placa_12mm,E6011,DC,Placa_12mm,E6011,DC
audio/Placa_12mm/E6011/DC/240912-131906_Audio/240912-131906_6013-2.wav,240912-131906_Audio,8,Placa_12mm,E6011,DC,Placa_12mm,E6011,DC,Placa_12mm,E6011,DC
audio/Placa_12mm/E6011/DC/240912-131906_Audio/240912-131906_6013-2.wav,240912-131906_Audio,9,Placa_12mm,E6011,DC,Placa_12mm,E6011,DC,Placa_6mm,E6011,DC
audio/Placa_12mm/E6011/DC/240912-131906_Audio/240912-131906_6013-2.wav,240912-131906_Audio,10,Placa_12mm,E6011,DC,Placa_12mm,E6011,DC,Placa_12mm,E6011,DC
audio/Placa_12mm/E6011/DC/240912-131906_Audio/240912-131906_6013-2.wav,240912-131906_Audio,11,Placa_12mm,E6011,DC,Placa_12mm,E6011,DC,Placa_12mm,E6011,DC
audio/Placa_12mm/E6011/DC/240912-131906_Audio/240912-131906_6013-2.wav,240912-131906_Audio,12,Placa_12mm,E6011,DC,Placa_12mm,E6011,DC,Placa_6mm,E6011,DC
audio/Placa_12mm/E6011/DC/240912-131906_Audio/240912-131906_6013-2.wav,240912-131906_Audio,13,Placa_12mm,E6011,DC,Placa_12mm,E6011,DC,Placa_6mm,E6010,DC
audio/Placa_12mm/E6011/DC/240912-131906_Audio/240912-131906_6013-2.wav,240912-131906_Audio,14,Placa_12mm,E6011,DC,Placa_12mm,E6011,DC,Placa_6mm,E6013,DC
audio/Placa_12mm/E6011/DC/240912-131906_Audio/240912-131906_6013-2.wav,240912-131906_Audio,15,Placa_12mm,E6011,DC,Placa_12mm,E6011,DC,Placa_6mm,E6011,DC
audio/Placa_12mm/E6011/DC/240912-131906_Audio/240912-131906_6013-2.wav,240912-131906_Audio,16,Placa_12mm,E6011,DC,Placa_12mm,E6011,DC,Placa_12mm,E6011,DC
audio/Placa_12mm/E6011/DC/240912-131906_Audio/240912-131906_6013-2.wav,240912-131906_Audio,17,Placa_12mm,E6011,DC,Placa_12mm,E6011,DC,Placa_12mm,E6011,DC
audio/Placa_12mm/E6011/DC/240912-131906_Audio/240912-131906_6013-2.wav,240912-131906_Audio,18,Placa_12mm,E6011,DC,Placa_12mm,E6011,DC,Placa_12mm,E7018,DC
audio/Placa_12mm/E6011/DC/240912-134633_Audio/240912-134633_6013-2.wav,240912-134633_Audio,0,Placa_12mm,E6011,DC,Placa_12mm,E6011,DC,Placa_12mm,E6011,DC
audio/Placa_12mm/E6011/DC/240912-134633_Audio/240912-134633_6013-2.wav,240912-134633_Audio,1,Placa_12mm,E6011,DC,Placa_12mm,E6011,DC,Placa_12mm,E6011,DC
audio/Placa_12mm/E6011/DC/240912-134633_Audio/240912-134633_6013-2.wav,240912-134633_Audio,2,Placa_12mm,E6011,DC,Placa_12mm,E6011,DC,Placa_12mm,E6011,DC
audio/Placa_12mm/E6011/DC/240912-134633_Audio/240912-134633_6013-2.wav,240912-134633_Audio,3,Placa_12mm,E6011,DC,Placa_12mm,E6011,DC,Placa_12mm,E6011,DC
audio/Placa_12mm/E6011/DC/240912-134633_Audio/240912-134633_6013-2.wav,240912-134633_Audio,4,Placa_12mm,E6011,DC,Placa_12mm,E6011,DC,Placa_12mm,E6011,DC
audio/Placa_12mm/E6011/DC/240912-134633_Audio/240912-134633_6013-2.wav,240912-134633_Audio,5,Placa_12mm,E6011,DC,Placa_12mm,E6011,DC,Placa_12mm,E6011,DC
audio/Placa_12mm/E6011/DC/240912-134633_Audio/240912-134633_6013-2.wav,240912-134633_Audio,6,Placa_12mm,E6011,DC,Placa_12mm,E6011,DC,Placa_12mm,E6011,DC
audio/Placa_12mm/E6011/DC/240912-134633_Audio/240912-134633_6013-2.wav,240912-134633_Audio,7,Placa_12mm,E6011,DC,Placa_12mm,E6011,DC,Placa_6mm,E6011,DC
audio/Placa_12mm/E6011/DC/240912-134633_Audio/240912-134633_6013-2.wav,240912-134633_Audio,8,Placa_12mm,E6011,DC,Placa_12mm,E6011,DC,Placa_12mm,E6011,DC
audio/Placa_12mm/E6011/DC/240912-134633_Audio/240912-134633_6013-2.wav,240912-134633_Audio,9,Placa_12mm,E6011,DC,Placa_12mm,E6011,DC,Placa_12mm,E6011,DC
audio/Placa_12mm/E6011/DC/240912-134633_Audio/240912-134633_6013-2.wav,240912-134633_Audio,10,Placa_12mm,E6011,DC,Placa_12mm,E6011,DC,Placa_12mm,E6011,DC
audio/Placa_12mm/E6011/DC/240912-134633_Audio/240912-134633_6013-2.wav,240912-134633_Audio,11,Placa_12mm,E6011,DC,Placa_12mm,E6011,DC,Placa_12mm,E6011,DC
audio/Placa_12mm/E6011/DC/240912-134633_Audio/240912-134633_6013-2.wav,240912-134633_Audio,12,Placa_12mm,E6011,DC,Placa_12mm,E6011,DC,Placa_12mm,E6011,DC
audio/Placa_12mm/E6011/DC/240912-134633_Audio/240912-134633_6013-2.wav,240912-134633_Audio,13,Placa_12mm,E6011,DC,Placa_12mm,E6011,DC,Placa_12mm,E6011,DC
audio/Placa_12mm/E6011/DC/240912-134633_Audio/240912-134633_6013-2.wav,240912-134633_Audio,14,Placa_12mm,E6011,DC,Placa_12mm,E6011,DC,Placa_12mm,E6011,DC
audio/Placa_12mm/E6011/DC/240912-134633_Audio/240912-134633_6013-2.wav,240912-134633_Audio,15,Placa_12mm,E6011,DC,Placa_12mm,E6011,DC,Placa_12mm,E6011,DC
audio/Placa_12mm/E6011/DC/240912-134633_Audio/240912-134633_6013-2.wav,240912-134633_Audio,16,Placa_12mm,E6011,DC,Placa_12mm,E6011,DC,Placa_12mm,E6011,DC
audio/Placa_12mm/E6011/DC/240912-134633_Audio/240912-134633_6013-2.wav,240912-134633_Audio,17,Placa_12mm,E6011,DC,Placa_12mm,E6011,DC,Placa_12mm,E6011,DC
audio/Placa_12mm/E6011/DC/240912-134633_Audio/240912-134633_6013-2.wav,240912-134633_Audio,18,Placa_12mm,E6011,DC,Placa_12mm,E6011,DC,Placa_12mm,E6011,DC
audio/Placa_12mm/E6011/DC/240912-134633_Audio/240912-134633_6013-2.wav,240912-134633_Audio,19,Placa_12mm,E6011,DC,Placa_12mm,E6011,DC,Placa_12mm,E6011,DC
audio/Placa_12mm/E6011/DC/240912-134633_Audio/240912-134633_6013-2.wav,240912-134633_Audio,20,Placa_12mm,E6011,DC,Placa_12mm,E6011,DC,Placa_3mm,E7018,DC
audio/Placa_12mm/E6011/DC/240912-134633_Audio/240912-134633_6013-2.wav,240912-134633_Audio,21,Placa_12mm,E6011,DC,Placa_12mm,E6011,DC,Placa_6mm,E6011,DC
audio/Placa_12mm/E6013/AC/240923-143459_Audio/240923-143459_6013-2.wav,240923-143459_Audio,0,Placa_12mm,E6013,AC,Placa_12mm,E6013,AC,Placa_12mm,E6013,AC
audio/Placa_12mm/E6013/AC/240923-143459_Audio/240923-143459_6013-2.wav,240923-143459_Audio,1,Placa_12mm,E6013,AC,Placa_12mm,E6013,AC,Placa_12mm,E6013,AC
audio/Placa_12mm/E6013/AC/240923-143459_Audio/240923-143459_6013-2.wav,240923-143459_Audio,2,Placa_12mm,E6013,AC,Placa_12mm,E6013,AC,Placa_6mm,E6013,AC
audio/Placa_12mm/E6013/AC/240923-143459_Audio/240923-143459_6013-2.wav,240923-143459_Audio,3,Placa_12mm,E6013,AC,Placa_12mm,E6013,AC,Placa_12mm,E6013,AC
audio/Placa_12mm/E6013/AC/240923-143459_Audio/240923-143459_6013-2.wav,240923-143459_Audio,4,Placa_12mm,E6013,AC,Placa_12mm,E6013,AC,Placa_12mm,E6013,AC
audio/Placa_12mm/E6013/AC/240923-143459_Audio/240923-143459_6013-2.wav,240923-143459_Audio,5,Placa_12mm,E6013,AC,Placa_12mm,E6013,AC,Placa_12mm,E6013,AC
audio/Placa_12mm/E6013/AC/240923-143459_Audio/240923-143459_6013-2.wav,240923-143459_Audio,6,Placa_12mm,E6013,AC,Placa_12mm,E6013,AC,Placa_12mm,E6013,AC
audio/Placa_12mm/E6013/AC/240923-143459_Audio/240923-143459_6013-2.wav,240923-143459_Audio,7,Placa_12mm,E6013,AC,Placa_12mm,E6013,AC,Placa_6mm,E6013,AC
audio/Placa_12mm/E6013/AC/240923-143459_Audio/240923-143459_6013-2.wav,240923-143459_Audio,8,Placa_12mm,E6013,AC,Placa_12mm,E6013,AC,Placa_6mm,E6013,AC
audio/Placa_12mm/E6013/AC/240923-143459_Audio/240923-143459_6013-2.wav,240923-143459_Audio,9,Placa_12mm,E6013,AC,Placa_12mm,E6013,AC,Placa_6mm,E6013,AC
audio/Placa_12mm/E6013/AC/240923-143459_Audio/240923-143459_6013-2.wav,240923-143459_Audio,10,Placa_12mm,E6013,AC,Placa_12mm,E6013,AC,Placa_12mm,E6013,AC
audio/Placa_12mm/E6013/AC/240923-143459_Audio/240923-143459_6013-2.wav,240923-143459_Audio,11,Placa_12mm,E6013,AC,Placa_12mm,E6013,AC,Placa_6mm,E6013,AC
audio/Placa_12mm/E6013/AC/240923-143459_Audio/240923-143459_6013-2.wav,240923-143459_Audio,12,Placa_12mm,E6013,AC,Placa_12mm,E6013,AC,Placa_6mm,E6013,AC
audio/Placa_12mm/E6013/AC/240923-143459_Audio/240923-143459_6013-2.wav,240923-143459_Audio,13,Placa_12mm,E6013,AC,Placa_12mm,E6013,AC,Placa_6mm,E6013,AC
audio/Placa_12mm/E6013/AC/240923-143459_Audio/240923-143459_6013-2.wav,240923-143459_Audio,14,Placa_12mm,E6013,AC,Placa_12mm,E6013,AC,Placa_6mm,E6013,AC
audio/Placa_12mm/E6013/AC/240923-143459_Audio/240923-143459_6013-2.wav,240923-143459_Audio,15,Placa_12mm,E6013,AC,Placa_12mm,E6013,AC,Placa_6mm,E6013,AC
audio/Placa_12mm/E6013/AC/240923-143459_Audio/240923-143459_6013-2.wav,240923-143459_Audio,16,Placa_12mm,E6013,AC,Placa_12mm,E6013,AC,Placa_12mm,E6013,AC
audio/Placa_12mm/E6013/AC/240923-143459_Audio/240923-143459_6013-2.wav,240923-143459_Audio,17,Placa_12mm,E6013,AC,Placa_12mm,E6013,AC,Placa_6mm,E6013,AC
audio/Placa_12mm/E6013/AC/240923-143459_Audio/240923-143459_6013-2.wav,240923-143459_Audio,18,Placa_12mm,E6013,AC,Placa_12mm,E6013,AC,Placa_6mm,E6013,AC
audio/Placa_12mm/E6013/AC/240923-143459_Audio/240923-143459_6013-2.wav,240923-143459_Audio,19,Placa_12mm,E6013,AC,Placa_12mm,E6013,AC,Placa_6mm,E6013,AC
audio/Placa_12mm/E6013/AC/240923-143459_Audio/240923-143459_6013-2.wav,240923-143459_Audio,20,Placa_12mm,E6013,AC,Placa_12mm,E6013,AC,Placa_6mm,E6013,AC
audio/Placa_12mm/E6013/AC/240923-144534_Audio/240923-144534_6013-2.wav,240923-144534_Audio,0,Placa_12mm,E6013,AC,Placa_12mm,E6013,AC,Placa_12mm,E6013,AC
audio/Placa_12mm/E6013/AC/240923-144534_Audio/240923-144534_6013-2.wav,240923-144534_Audio,1,Placa_12mm,E6013,AC,Placa_12mm,E6013,AC,Placa_3mm,E7018,AC
audio/Placa_12mm/E6013/AC/240923-144534_Audio/240923-144534_6013-2.wav,240923-144534_Audio,2,Placa_12mm,E6013,AC,Placa_12mm,E6013,AC,Placa_3mm,E6013,AC
audio/Placa_12mm/E6013/AC/240923-144534_Audio/240923-144534_6013-2.wav,240923-144534_Audio,3,Placa_12mm,E6013,AC,Placa_12mm,E6013,AC,Placa_3mm,E6013,AC
audio/Placa_12mm/E6013/AC/240923-144534_Audio/240923-144534_6013-2.wav,240923-144534_Audio,4,Placa_12mm,E6013,AC,Placa_12mm,E6013,AC,Placa_12mm,E6013,AC
audio/Placa_12mm/E6013/AC/240923-144534_Audio/240923-144534_6013-2.wav,240923-144534_Audio,5,Placa_12mm,E6013,AC,Placa_12mm,E6013,AC,Placa_12mm,E6013,AC
audio/Placa_12mm/E6013/AC/240923-144534_Audio/240923-144534_6013-2.wav,240923-144534_Audio,6,Placa_12mm,E6013,AC,Placa_12mm,E6013,AC,Placa_12mm,E6013,AC
audio/Placa_12mm/E6013/AC/240923-144534_Audio/240923-144534_6013-2.wav,240923-144534_Audio,7,Placa_12mm,E6013,AC,Placa_12mm,E6013,AC,Placa_12mm,E7018,AC
audio/Placa_12mm/E6013/AC/240923-144534_Audio/240923-144534_6013-2.wav,240923-144534_Audio,8,Placa_12mm,E6013,AC,Placa_12mm,E6013,AC,Placa_6mm,E7018,DC
audio/Placa_12mm/E6013/AC/240923-144534_Audio/240923-144534_6013-2.wav,240923-144534_Audio,9,Placa_12mm,E6013,AC,Placa_12mm,E6013,AC,Placa_6mm,E6010,DC
audio/Placa_12mm/E6013/AC/240923-144534_Audio/240923-144534_6013-2.wav,240923-144534_Audio,10,Placa_12mm,E6013,AC,Placa_12mm,E6013,AC,Placa_6mm,E7018,AC
audio/Placa_12mm/E6013/AC/240923-144534_Audio/240923-144534_6013-2.wav,240923-144534_Audio,11,Placa_12mm,E6013,AC,Placa_12mm,E6013,AC,Placa_6mm,E6013,AC
audio/Placa_12mm/E6013/AC/240923-144534_Audio/240923-144534_6013-2.wav,240923-144534_Audio,12,Placa_12mm,E6013,AC,Placa_12mm,E6013,AC,Placa_6mm,E7018,DC
audio/Placa_12mm/E6013/AC/240923-144534_Audio/240923-144534_6013-2.wav,240923-144534_Audio,13,Placa_12mm,E6013,AC,Placa_12mm,E6013,AC,Placa_6mm,E7018,AC
audio/Placa_12mm/E6013/AC/240923-144534_Audio/240923-144534_6013-2.wav,240923-144534_Audio,14,Placa_12mm,E6013,AC,Placa_12mm,E6013,AC,Placa_6mm,E7018,DC
audio/Placa_12mm/E6013/AC/240923-144534_Audio/240923-144534_6013-2.wav,240923-144534_Audio,15,Placa_12mm,E6013,AC,Placa_12mm,E6013,AC,Placa_3mm,E6010,DC
audio/Placa_12mm/E6013/AC/240923-144534_Audio/240923-144534_6013-2.wav,240923-144534_Audio,16,Placa_12mm,E6013,AC,Placa_12mm,E6013,AC,Placa_12mm,E6010,DC
audio/Placa_12mm/E6013/AC/240923-144534_Audio/240923-144534_6013-2.wav,240923-144534_Audio,17,Placa_12mm,E6013,AC,Placa_12mm,E6013,AC,Placa_12mm,E6011,AC
audio/Placa_12mm/E6013/AC/240923-144534_Audio/240923-144534_6013-2.wav,240923-144534_Audio,18,Placa_12mm,E6013,AC,Placa_12mm,E6013,AC,Placa_6mm,E6013,AC
audio/Placa_12mm/E6013/AC/240923-144534_Audio/240923-144534_6013-2.wav,240923-144534_Audio,19,Placa_12mm,E6013,AC,Placa_12mm,E6013,AC,Placa_12mm,E6013,AC
audio/Placa_12mm/E6013/AC/240923-144534_Audio/240923-144534_6013-2.wav,240923-144534_Audio,20,Placa_12mm,E6013,AC,Placa_12mm,E6013,AC,Placa_12mm,E6013,AC
audio/Placa_12mm/E6013/AC/240923-144534_Audio/240923-144534_6013-2.wav,240923-144534_Audio,21,Placa_12mm,E6013,AC,Placa_12mm,E6013,AC,Placa_12mm,E6013,AC
audio/Placa_12mm/E6013/AC/240923-144534_Audio/240923-144534_6013-2.wav,240923-144534_Audio,22,Placa_12mm,E6013,AC,Placa_12mm,E6013,AC,Placa_12mm,E6013,AC
audio/Placa_12mm/E6013/AC/240923-144534_Audio/240923-144534_6013-2.wav,240923-144534_Audio,23,Placa_12mm,E6013,AC,Placa_12mm,E6013,AC,Placa_6mm,E6011,AC
audio/Placa_12mm/E6013/AC/240923-144534_Audio/240923-144534_6013-2.wav,240923-144534_Audio,24,Placa_12mm,E6013,AC,Placa_12mm,E6013,AC,Placa_12mm,E6013,AC
audio/Placa_12mm/E6013/AC/240923-144534_Audio/240923-144534_6013-2.wav,240923-144534_Audio,25,Placa_12mm,E6013,AC,Placa_12mm,E6013,AC,Placa_12mm,E6013,AC
audio/Placa_12mm/E6013/AC/240923-144534_Audio/240923-144534_6013-2.wav,240923-144534_Audio,26,Placa_12mm,E6013,AC,Placa_12mm,E6013,AC,Placa_12mm,E6013,AC
audio/Placa_12mm/E6013/AC/240923-144534_Audio/240923-144534_6013-2.wav,240923-144534_Audio,27,Placa_12mm,E6013,AC,Placa_12mm,E6013,AC,Placa_12mm,E6013,AC
audio/Placa_12mm/E6013/AC/240923-144534_Audio/240923-144534_6013-2.wav,240923-144534_Audio,28,Placa_12mm,E6013,AC,Placa_12mm,E6013,AC,Placa_12mm,E6013,AC
audio/Placa_12mm/E6013/AC/240923-144534_Audio/240923-144534_6013-2.wav,240923-144534_Audio,29,Placa_12mm,E6013,AC,Placa_12mm,E6013,AC,Placa_12mm,E6013,AC
audio/Placa_12mm/E6013/AC/240923-144534_Audio/240923-144534_6013-2.wav,240923-144534_Audio,30,Placa_12mm,E6013,AC,Placa_12mm,E6013,AC,Placa_12mm,E6013,AC
audio/Placa_12mm/E6013/AC/240923-144534_Audio/240923-144534_6013-2.wav,240923-144534_Audio,31,Placa_12mm,E6013,AC,Placa_12mm,E6013,AC,Placa_12mm,E6013,AC
audio/Placa_12mm/E6013/AC/240923-144534_Audio/240923-144534_6013-2.wav,240923-144534_Audio,32,Placa_12mm,E6013,AC,Placa_12mm,E6013,AC,Placa_12mm,E6013,AC
audio/Placa_12mm/E6013/AC/240923-144534_Audio/240923-144534_6013-2.wav,240923-144534_Audio,33,Placa_12mm,E6013,AC,Placa_12mm,E6013,AC,Placa_12mm,E6013,AC
audio/Placa_12mm/E6013/AC/240923-144534_Audio/240923-144534_6013-2.wav,240923-144534_Audio,34,Placa_12mm,E6013,AC,Placa_12mm,E6013,AC,Placa_6mm,E6013,AC
audio/Placa_12mm/E6013/AC/240923-144534_Audio/240923-144534_6013-2.wav,240923-144534_Audio,35,Placa_12mm,E6013,AC,Placa_12mm,E6013,AC,Placa_12mm,E6013,AC
audio/Placa_12mm/E6013/AC/240923-144534_Audio/240923-144534_6013-2.wav,240923-144534_Audio,36,Placa_12mm,E6013,AC,Placa_12mm,E6013,AC,Placa_6mm,E6013,AC
audio/Placa_12mm/E6013/AC/240923-144534_Audio/240923-144534_6013-2.wav,240923-144534_Audio,37,Placa_12mm,E6013,AC,Placa_12mm,E6013,AC,Placa_12mm,E6013,AC
audio/Placa_12mm/E6013/AC/240923-144534_Audio/240923-144534_6013-2.wav,240923-144534_Audio,38,Placa_12mm,E6013,AC,Placa_12mm,E6013,AC,Placa_12mm,E6013,AC
audio/Placa_12mm/E6013/DC/240912-153659_Audio/240912-153659_6013-2.wav,240912-153659_Audio,0,Placa_12mm,E6013,DC,Placa_12mm,E6013,DC,Placa_12mm,E6013,DC
audio/Placa_12mm/E6013/DC/240912-153659_Audio/240912-153659_6013-2.wav,240912-153659_Audio,1,Placa_12mm,E6013,DC,Placa_12mm,E6013,DC,Placa_6mm,E6013,DC
audio/Placa_12mm/E6013/DC/240912-153659_Audio/240912-153659_6013-2.wav,240912-153659_Audio,2,Placa_12mm,E6013,DC,Placa_12mm,E6013,DC,Placa_12mm,E6013,DC
audio/Placa_12mm/E6013/DC/240912-153659_Audio/240912-153659_6013-2.wav,240912-153659_Audio,3,Placa_12mm,E6013,DC,Placa_12mm,E6013,DC,Placa_12mm,E6013,DC
audio/Placa_12mm/E6013/DC/240912-153659_Audio/240912-153659_6013-2.wav,240912-153659_Audio,4,Placa_12mm,E6013,DC,Placa_12mm,E6013,DC,Placa_12mm,E6013,DC
audio/Placa_12mm/E6013/DC/240912-153659_Audio/240912-153659_6013-2.wav,240912-153659_Audio,5,Placa_12mm,E6013,DC,Placa_12mm,E6013,DC,Placa_12mm,E6013,DC
audio/Placa_12mm/E6013/DC/240912-153659_Audio/240912-153659_6013-2.wav,240912-153659_Audio,6,Placa_12mm,E6013,DC,Placa_12mm,E6013,DC,Placa_12mm,E6013,DC
audio/Placa_12mm/E6013/DC/240912-153659_Audio/240912-153659_6013-2.wav,240912-153659_Audio,7,Placa_12mm,E6013,DC,Placa_12mm,E6013,DC,Placa_12mm,E6013,DC
audio/Placa_12mm/E6013/DC/240912-153659_Audio/240912-153659_6013-2.wav,240912-153659_Audio,8,Placa_12mm,E6013,DC,Placa_12mm,E6013,DC,Placa_12mm,E6013,DC
audio/Placa_12mm/E6013/DC/240912-153659_Audio/240912-153659_6013-2.wav,240912-153659_Audio,9,Placa_12mm,E6013,DC,Placa_12mm,E6013,DC,Placa_12mm,E6013,DC
audio/Placa_12mm/E6013/DC/240912-153659_Audio/240912-153659_6013-2.wav,240912-153659_Audio,10,Placa_12mm,E6013,DC,Placa_12mm,E6013,DC,Placa_12mm,E6013,DC
audio/Placa_12mm/E6013/DC/240912-153659_Audio/240912-153659_6013-2.wav,240912-153659_Audio,11,Placa_12mm,E6013,DC,Placa_12mm,E6013,DC,Placa_12mm,E6013,DC
audio/Placa_12mm/E6013/DC/240912-153659_Audio/240912-153659_6013-2.wav,240912-153659_Audio,12,Placa_12mm,E6013,DC,Placa_12mm,E6013,DC,Placa_12mm,E6013,DC
audio/Placa_12mm/E6013/DC/240912-153659_Audio/240912-153659_6013-2.wav,240912-153659_Audio,13,Placa_12mm,E6013,DC,Placa_12mm,E6013,DC,Placa_12mm,E6013,DC
audio/Placa_12mm/E6013/DC/240912-154537_Audio/240912-154537_6013-2.wav,240912-154537_Audio,0,Placa_12mm,E6013,DC,Placa_12mm,E6013,DC,Placa_12mm,E6013,DC
audio/Placa_12mm/E6013/DC/240912-154537_Audio/240912-154537_6013-2.wav,240912-154537_Audio,1,Placa_12mm,E6013,DC,Placa_12mm,E6013,DC,Placa_12mm,E6013,DC
audio/Placa_12mm/E6013/DC/240912-154537_Audio/240912-154537_6013-2.wav,240912-154537_Audio,2,Placa_12mm,E6013,DC,Placa_12mm,E6013,DC,Placa_12mm,E6013,DC
audio/Placa_12mm/E6013/DC/240912-154537_Audio/240912-154537_6013-2.wav,240912-154537_Audio,3,Placa_12mm,E6013,DC,Placa_12mm,E6013,DC,Placa_12mm,E6013,DC
audio/Placa_12mm/E6013/DC/240912-154537_Audio/240912-154537_6013-2.wav,240912-154537_Audio,4,Placa_12mm,E6013,DC,Placa_12mm,E6013,DC,Placa_12mm,E6013,DC
audio/Placa_12mm/E6013/DC/240912-154537_Audio/240912-154537_6013-2.wav,240912-154537_Audio,5,Placa_12mm,E6013,DC,Placa_12mm,E6013,DC,Placa_12mm,E6013,DC
audio/Placa_12mm/E6013/DC/240912-154537_Audio/240912-154537_6013-2.wav,240912-154537_Audio,6,Placa_12mm,E6013,DC,Placa_12mm,E6013,DC,Placa_12mm,E6013,DC
audio/Placa_12mm/E6013/DC/240912-154537_Audio/240912-154537_6013-2.wav,240912-154537_Audio,7,Placa_12mm,E6013,DC,Placa_12mm,E6013,DC,Placa_12mm,E6013,DC
audio/Placa_12mm/E6013/DC/240912-154537_Audio/240912-154537_6013-2.wav,240912-154537_Audio,8,Placa_12mm,E6013,DC,Placa_12mm,E6013,DC,Placa_12mm,E6013,DC
audio/Placa_12mm/E6013/DC/240912-154537_Audio/240912-154537_6013-2.wav,240912-154537_Audio,9,Placa_12mm,E6013,DC,Placa_12mm,E6013,DC,Placa_12mm,E6013,DC
audio/Placa_12mm/E6013/DC/240912-154537_Audio/240912-154537_6013-2.wav,240912-154537_Audio,10,Placa_12mm,E6013,DC,Placa_12mm,E6013,DC,Placa_12mm,E6013,DC
audio/Placa_12mm/E6013/DC/240912-154537_Audio/240912-154537_6013-2.wav,240912-154537_Audio,11,Placa_12mm,E6013,DC,Placa_12mm,E6013,DC,Placa_12mm,E6013,DC
audio/Placa_12mm/E6013/DC/240912-154537_Audio/240912-154537_6013-2.wav,240912-154537_Audio,12,Placa_12mm,E6013,DC,Placa_12mm,E6013,DC,Placa_12mm,E6013,DC
audio/Placa_12mm/E6013/DC/240912-154537_Audio/240912-154537_6013-2.wav,240912-154537_Audio,13,Placa_12mm,E6013,DC,Placa_12mm,E6013,DC,Placa_12mm,E6013,DC
audio/Placa_12mm/E7018/DC/240926-141210_Audio/240926-141210_6013-2.wav,240926-141210_Audio,0,Placa_12mm,E7018,DC,Placa_12mm,E7018,DC,Placa_6mm,E7018,DC
audio/Placa_12mm/E7018/DC/240926-141210_Audio/240926-141210_6013-2.wav,240926-141210_Audio,1,Placa_12mm,E7018,DC,Placa_12mm,E7018,DC,Placa_12mm,E7018,DC
audio/Placa_12mm/E7018/DC/240926-141210_Audio/240926-141210_6013-2.wav,240926-141210_Audio,2,Placa_12mm,E7018,DC,Placa_12mm,E7018,DC,Placa_12mm,E7018,DC
audio/Placa_12mm/E7018/DC/240926-141210_Audio/240926-141210_6013-2.wav,240926-141210_Audio,3,Placa_12mm,E7018,DC,Placa_12mm,E7018,DC,Placa_12mm,E7018,DC
audio/Placa_12mm/E7018/DC/240926-141210_Audio/240926-141210_6013-2.wav,240926-141210_Audio,4,Placa_12mm,E7018,DC,Placa_12mm,E7018,DC,Placa_12mm,E7018,DC
audio/Placa_12mm/E7018/DC/240926-141210_Audio/240926-141210_6013-2.wav,240926-141210_Audio,5,Placa_12mm,E7018,DC,Placa_12mm,E7018,DC,Placa_12mm,E7018,DC
audio/Placa_12mm/E7018/DC/240926-141210_Audio/240926-141210_6013-2.wav,240926-141210_Audio,6,Placa_12mm,E7018,DC,Placa_12mm,E7018,DC,Placa_12mm,E7018,DC
audio/Placa_12mm/E7018/DC/240926-141210_Audio/240926-141210_6013-2.wav,240926-141210_Audio,7,Placa_12mm,E7018,DC,Placa_12mm,E7018,DC,Placa_12mm,E7018,DC
audio/Placa_12mm/E7018/DC/240926-141210_Audio/240926-141210_6013-2.wav,240926-141210_Audio,8,Placa_12mm,E7018,DC,Placa_12mm,E7018,DC,Placa_12mm,E7018,DC
audio/Placa_12mm/E7018/DC/240926-141210_Audio/240926-141210_6013-2.wav,240926-141210_Audio,9,Placa_12mm,E7018,DC,Placa_12mm,E7018,DC,Placa_12mm,E7018,DC
audio/Placa_12mm/E7018/DC/240926-141210_Audio/240926-141210_6013-2.wav,240926-141210_Audio,10,Placa_12mm,E7018,DC,Placa_12mm,E7018,DC,Placa_12mm,E7018,DC
audio/Placa_12mm/E7018/DC/240926-141210_Audio/240926-141210_6013-2.wav,240926-141210_Audio,11,Placa_12mm,E7018,DC,Placa_12mm,E7018,DC,Placa_12mm,E7018,DC
audio/Placa_12mm/E7018/DC/240926-141210_Audio/240926-141210_6013-2.wav,240926-141210_Audio,12,Placa_12mm,E7018,DC,Placa_12mm,E7018,DC,Placa_3mm,E7018,DC
audio/Placa_12mm/E7018/DC/240926-141210_Audio/240926-141210_6013-2.wav,240926-141210_Audio,13,Placa_12mm,E7018,DC,Placa_12mm,E7018,DC,Placa_3mm,E7018,DC
audio/Placa_12mm/E7018/DC/240926-141210_Audio/240926-141210_6013-2.wav,240926-141210_Audio,14,Placa_12mm,E7018,DC,Placa_12mm,E7018,DC,Placa_12mm,E7018,DC
audio/Placa_12mm/E7018/DC/240926-141210_Audio/240926-141210_6013-2.wav,240926-141210_Audio,15,Placa_12mm,E7018,DC,Placa_12mm,E7018,DC,Placa_12mm,E7018,DC
audio/Placa_12mm/E7018/DC/240926-141210_Audio/240926-141210_6013-2.wav,240926-141210_Audio,16,Placa_12mm,E7018,DC,Placa_12mm,E7018,DC,Placa_12mm,E7018,DC
audio/Placa_12mm/E7018/DC/240926-141210_Audio/240926-141210_6013-2.wav,240926-141210_Audio,17,Placa_12mm,E7018,DC,Placa_12mm,E7018,DC,Placa_12mm,E7018,DC
audio/Placa_12mm/E7018/DC/240926-141210_Audio/240926-141210_6013-2.wav,240926-141210_Audio,18,Placa_12mm,E7018,DC,Placa_12mm,E7018,DC,Placa_6mm,E7018,DC
audio/Placa_12mm/E7018/DC/240926-141210_Audio/240926-141210_6013-2.wav,240926-141210_Audio,19,Placa_12mm,E7018,DC,Placa_12mm,E7018,DC,Placa_12mm,E7018,DC
audio/Placa_12mm/E7018/DC/240926-141210_Audio/240926-141210_6013-2.wav,240926-141210_Audio,20,Placa_12mm,E7018,DC,Placa_12mm,E7018,DC,Placa_6mm,E7018,DC
audio/Placa_12mm/E7018/DC/240926-141750_Audio/240926-141750_6013-2.wav,240926-141750_Audio,0,Placa_12mm,E7018,DC,Placa_12mm,E7018,DC,Placa_6mm,E6011,DC
audio/Placa_12mm/E7018/DC/240926-141750_Audio/240926-141750_6013-2.wav,240926-141750_Audio,1,Placa_12mm,E7018,DC,Placa_12mm,E7018,DC,Placa_12mm,E6010,DC
audio/Placa_12mm/E7018/DC/240926-141750_Audio/240926-141750_6013-2.wav,240926-141750_Audio,2,Placa_12mm,E7018,DC,Placa_12mm,E7018,DC,Placa_12mm,E6010,DC
audio/Placa_12mm/E7018/DC/240926-141750_Audio/240926-141750_6013-2.wav,240926-141750_Audio,3,Placa_12mm,E7018,DC,Placa_12mm,E7018,DC,Placa_12mm,E7018,DC
audio/Placa_12mm/E7018/DC/240926-141750_Audio/240926-141750_6013-2.wav,240926-141750_Audio,4,Placa_12mm,E7018,DC,Placa_12mm,E7018,DC,Placa_12mm,E7018,DC
audio/Placa_12mm/E7018/DC/240926-141750_Audio/240926-141750_6013-2.wav,240926-141750_Audio,5,Placa_12mm,E7018,DC,Placa_12mm,E7018,DC,Placa_12mm,E7018,DC
audio/Placa_12mm/E7018/DC/240926-141750_Audio/240926-141750_6013-2.wav,240926-141750_Audio,6,Placa_12mm,E7018,DC,Placa_12mm,E7018,DC,Placa_12mm,E7018,DC
audio/Placa_12mm/E7018/DC/240926-141750_Audio/240926-141750_6013-2.wav,240926-141750_Audio,7,Placa_12mm,E7018,DC,Placa_12mm,E7018,DC,Placa_12mm,E7018,DC
audio/Placa_12mm/E7018/DC/240926-141750_Audio/240926-141750_6013-2.wav,240926-141750_Audio,8,Placa_12mm,E7018,DC,Placa_12mm,E7018,DC,Placa_12mm,E7018,DC
audio/Placa_12mm/E7018/DC/240926-141750_Audio/240926-141750_6013-2.wav,240926-141750_Audio,9,Placa_12mm,E7018,DC,Placa_12mm,E7018,DC,Placa_12mm,E7018,DC
audio/Placa_12mm/E7018/DC/240926-141750_Audio/240926-141750_6013-2.wav,240926-141750_Audio,10,Placa_12mm,E7018,DC,Placa_12mm,E7018,DC,Placa_12mm,E7018,DC
audio/Placa_12mm/E7018/DC/240926-141750_Audio/240926-141750_6013-2.wav,240926-141750_Audio,11,Placa_12mm,E7018,DC,Placa_12mm,E7018,DC,Placa_12mm,E7018,DC
audio/Placa_12mm/E7018/DC/240926-141750_Audio/240926-141750_6013-2.wav,240926-141750_Audio,12,Placa_12mm,E7018,DC,Placa_12mm,E7018,DC,Placa_12mm,E7018,DC
audio/Placa_12mm/E7018/DC/240926-141750_Audio/240926-141750_6013-2.wav,240926-141750_Audio,13,Placa_12mm,E7018,DC,Placa_12mm,E7018,DC,Placa_12mm,E7018,DC
audio/Placa_12mm/E7018/DC/240926-141750_Audio/240926-141750_6013-2.wav,240926-141750_Audio,14,Placa_12mm,E7018,DC,Placa_12mm,E7018,DC,Placa_12mm,E7018,DC
audio/Placa_12mm/E7018/DC/240926-141750_Audio/240926-141750_6013-2.wav,240926-141750_Audio,15,Placa_12mm,E7018,DC,Placa_12mm,E7018,DC,Placa_12mm,E7018,DC
audio/Placa_12mm/E7018/DC/240926-141750_Audio/240926-141750_6013-2.wav,240926-141750_Audio,16,Placa_12mm,E7018,DC,Placa_12mm,E7018,DC,Placa_12mm,E7018,DC
audio/Placa_12mm/E7018/DC/240926-141750_Audio/240926-141750_6013-2.wav,240926-141750_Audio,17,Placa_12mm,E7018,DC,Placa_12mm,E7018,DC,Placa_12mm,E7018,DC
audio/Placa_12mm/E7018/DC/240926-141750_Audio/240926-141750_6013-2.wav,240926-141750_Audio,18,Placa_12mm,E7018,DC,Placa_12mm,E7018,DC,Placa_12mm,E7018,DC
audio/Placa_3mm/E6010/DC/240802-105934_Audio/240802-105934_6013-2.wav,240802-105934_Audio,0,Placa_3mm,E6010,DC,Placa_3mm,E6010,DC,Placa_3mm,E6013,AC
audio/Placa_3mm/E6010/DC/240802-111400_Audio/240802-111400_6013-2.wav,240802-111400_Audio,0,Placa_3mm,E6010,DC,Placa_3mm,E6010,DC,Placa_6mm,E7018,DC
audio/Placa_3mm/E6010/DC/240802-111400_Audio/240802-111400_6013-2.wav,240802-111400_Audio,1,Placa_3mm,E6010,DC,Placa_3mm,E6010,DC,Placa_6mm,E7018,DC
audio/Placa_3mm/E6010/DC/240802-111400_Audio/240802-111400_6013-2.wav,240802-111400_Audio,2,Placa_3mm,E6010,DC,Placa_3mm,E6010,DC,Placa_3mm,E6013,DC
audio/Placa_3mm/E6010/DC/240802-111400_Audio/240802-111400_6013-2.wav,240802-111400_Audio,3,Placa_3mm,E6010,DC,Placa_3mm,E6010,DC,Placa_12mm,E6010,DC
audio/Placa_3mm/E6010/DC/240802-111400_Audio/240802-111400_6013-2.wav,240802-111400_Audio,4,Placa_3mm,E6010,DC,Placa_3mm,E6010,DC,Placa_12mm,E7018,DC
audio/Placa_3mm/E6010/DC/240802-111400_Audio/240802-111400_6013-2.wav,240802-111400_Audio,5,Placa_3mm,E6010,DC,Placa_3mm,E6010,DC,Placa_3mm,E6010,DC
audio/Placa_3mm/E6010/DC/240802-111400_Audio/240802-111400_6013-2.wav,240802-111400_Audio,6,Placa_3mm,E6010,DC,Placa_3mm,E6010,DC,Placa_3mm,E6010,DC
audio/Placa_3mm/E6010/DC/240802-111400_Audio/240802-111400_6013-2.wav,240802-111400_Audio,7,Placa_3mm,E6010,DC,Placa_3mm,E6010,DC,Placa_3mm,E6010,DC
audio/Placa_3mm/E6010/DC/240802-111400_Audio/240802-111400_6013-2.wav,240802-111400_Audio,8,Placa_3mm,E6010,DC,Placa_3mm,E6010,DC,Placa_6mm,E6010,AC
audio/Placa_3mm/E6010/DC/240802-111400_Audio/240802-111400_6013-2.wav,240802-111400_Audio,9,Placa_3mm,E6010,DC,Placa_3mm,E6010,DC,Placa_3mm,E6010,DC
audio/Placa_3mm/E6010/DC/240802-111400_Audio/240802-111400_6013-2.wav,240802-111400_Audio,10,Placa_3mm,E6010,DC,Placa_3mm,E6010,DC,Placa_3mm,E6010,DC
audio/Placa_3mm/E6010/DC/240802-111400_Audio/240802-111400_6013-2.wav,240802-111400_Audio,11,Placa_3mm,E6010,DC,Placa_3mm,E6010,DC,Placa_3mm,E6010,DC
audio/Placa_3mm/E6010/DC/240802-111400_Audio/240802-111400_6013-2.wav,240802-111400_Audio,12,Placa_3mm,E6010,DC,Placa_3mm,E6010,DC,Placa_6mm,E6010,DC
audio/Placa_3mm/E6010/DC/240802-111400_Audio/240802-111400_6013-2.wav,240802-111400_Audio,13,Placa_3mm,E6010,DC,Placa_3mm,E6010,DC,Placa_3mm,E6010,DC
audio/Placa_3mm/E6010/DC/240802-111400_Audio/240802-111400_6013-2.wav,240802-111400_Audio,14,Placa_3mm,E6010,DC,Placa_3mm,E6010,DC,Placa_3mm,E6010,DC
audio/Placa_3mm/E6010/DC/240802-111400_Audio/240802-111400_6013-2.wav,240802-111400_Audio,15,Placa_3mm,E6010,DC,Placa_3mm,E6010,DC,Placa_3mm,E6010,DC
audio/Placa_3mm/E6010/DC/240802-111400_Audio/240802-111400_6013-2.wav,240802-111400_Audio,16,Placa_3mm,E6010,DC,Placa_3mm,E6010,DC,Placa_3mm,E6010,DC
audio/Placa_3mm/E6010/DC/240802-111400_Audio/240802-111400_6013-2.wav,240802-111400_Audio,17,Placa_3mm,E6010,DC,Placa_3mm,E6010,DC,Placa_3mm,E6010,DC
audio/Placa_3mm/E6010/DC/240802-111400_Audio/240802-111400_6013-2.wav,240802-111400_Audio,18,Placa_3mm,E6010,DC,Placa_3mm,E6010,DC,Placa_3mm,E6010,DC
audio/Placa_3mm/E6010/DC/240802-111400_Audio/240802-111400_6013-2.wav,240802-111400_Audio,19,Placa_3mm,E6010,DC,Placa_3mm,E6010,DC,Placa_3mm,E6010,DC
audio/Placa_3mm/E6010/DC/240802-111400_Audio/240802-111400_6013-2.wav,240802-111400_Audio,20,Placa_3mm,E6010,DC,Placa_3mm,E6010,DC,Placa_3mm,E6010,DC
audio/Placa_3mm/E6010/DC/240802-111400_Audio/240802-111400_6013-2.wav,240802-111400_Audio,21,Placa_3mm,E6010,DC,Placa_3mm,E6010,DC,Placa_3mm,E6010,DC
audio/Placa_3mm/E6010/DC/240802-111400_Audio/240802-111400_6013-2.wav,240802-111400_Audio,22,Placa_3mm,E6010,DC,Placa_3mm,E6010,DC,Placa_6mm,E6010,DC
audio/Placa_3mm/E6010/DC/240802-111400_Audio/240802-111400_6013-2.wav,240802-111400_Audio,23,Placa_3mm,E6010,DC,Placa_3mm,E6010,DC,Placa_6mm,E6013,DC
audio/Placa_3mm/E6010/DC/240802-111400_Audio/240802-111400_6013-2.wav,240802-111400_Audio,24,Placa_3mm,E6010,DC,Placa_3mm,E6010,DC,Placa_3mm,E6010,DC
audio/Placa_3mm/E6010/DC/240802-111400_Audio/240802-111400_6013-2.wav,240802-111400_Audio,25,Placa_3mm,E6010,DC,Placa_3mm,E6010,DC,Placa_3mm,E6010,DC
audio/Placa_3mm/E6010/DC/240802-111400_Audio/240802-111400_6013-2.wav,240802-111400_Audio,26,Placa_3mm,E6010,DC,Placa_3mm,E6010,DC,Placa_3mm,E6010,DC
audio/Placa_3mm/E6010/DC/240802-111400_Audio/240802-111400_6013-2.wav,240802-111400_Audio,27,Placa_3mm,E6010,DC,Placa_3mm,E6010,DC,Placa_3mm,E6010,DC
audio/Placa_3mm/E6010/DC/240802-111400_Audio/240802-111400_6013-2.wav,240802-111400_Audio,28,Placa_3mm,E6010,DC,Placa_3mm,E6010,DC,Placa_3mm,E6010,DC
audio/Placa_3mm/E6010/DC/240802-111400_Audio/240802-111400_6013-2.wav,240802-111400_Audio,29,Placa_3mm,E6010,DC,Placa_3mm,E6010,DC,Placa_3mm,E6010,DC
audio/Placa_3mm/E6010/DC/240802-111400_Audio/240802-111400_6013-2.wav,240802-111400_Audio,30,Placa_3mm,E6010,DC,Placa_3mm,E6010,DC,Placa_3mm,E6010,DC
audio/Placa_3mm/E6010/DC/240802-111400_Audio/240802-111400_6013-2.wav,240802-111400_Audio,31,Placa_3mm,E6010,DC,Placa_3mm,E6010,DC,Placa_3mm,E6010,DC
audio/Placa_3mm/E6010/DC/240802-111400_Audio/240802-111400_6013-2.wav,240802-111400_Audio,32,Placa_3mm,E6010,DC,Placa_3mm,E6010,DC,Placa_3mm,E6010,DC
audio/Placa_3mm/E6010/DC/240802-111400_Audio/240802-111400_6013-2.wav,240802-111400_Audio,33,Placa_3mm,E6010,DC,Placa_3mm,E6010,DC,Placa_6mm,E6011,DC
audio/Placa_3mm/E6011/AC/240812-130116_Audio/240812-130116_6013-2.wav,240812-130116_Audio,0,Placa_3mm,E6011,AC,Placa_3mm,E6011,AC,Placa_3mm,E6013,AC
audio/Placa_3mm/E6011/AC/240812-130116_Audio/240812-130116_6013-2.wav,240812-130116_Audio,1,Placa_3mm,E6011,AC,Placa_3mm,E6011,AC,Placa_3mm,E6011,AC
audio/Placa_3mm/E6011/AC/240812-130116_Audio/240812-130116_6013-2.wav,240812-130116_Audio,2,Placa_3mm,E6011,AC,Placa_3mm,E6011,AC,Placa_3mm,E6011,AC
audio/Placa_3mm/E6011/AC/240812-130116_Audio/240812-130116_6013-2.wav,240812-130116_Audio,3,Placa_3mm,E6011,AC,Placa_3mm,E6011,AC,Placa_3mm,E6011,AC
audio/Placa_3mm/E6011/AC/240812-130116_Audio/240812-130116_6013-2.wav,240812-130116_Audio,4,Placa_3mm,E6011,AC,Placa_3mm,E6011,AC,Placa_3mm,E6011,AC
audio/Placa_3mm/E6011/AC/240812-130116_Audio/240812-130116_6013-2.wav,240812-130116_Audio,5,Placa_3mm,E6011,AC,Placa_3mm,E6011,AC,Placa_3mm,E6011,AC
audio/Placa_3mm/E6011/AC/240812-130116_Audio/240812-130116_6013-2.wav,240812-130116_Audio,6,Placa_3mm,E6011,AC,Placa_3mm,E6011,AC,Placa_12mm,E6011,AC
audio/Placa_3mm/E6011/AC/240812-130116_Audio/240812-130116_6013-2.wav,240812-130116_Audio,7,Placa_3mm,E6011,AC,Placa_3mm,E6011,AC,Placa_3mm,E6011,AC
audio/Placa_3mm/E6011/AC/240812-130116_Audio/240812-130116_6013-2.wav,240812-130116_Audio,8,Placa_3mm,E6011,AC,Placa_3mm,E6011,AC,Placa_3mm,E6011,AC
audio/Placa_3mm/E6011/AC/240812-130116_Audio/240812-130116_6013-2.wav,240812-130116_Audio,9,Placa_3mm,E6011,AC,Placa_3mm,E6011,AC,Placa_3mm,E6011,AC
audio/Placa_3mm/E6011/AC/240812-130116_Audio/240812-130116_6013-2.wav,240812-130116_Audio,10,Placa_3mm,E6011,AC,Placa_3mm,E6011,AC,Placa_3mm,E6011,AC
audio/Placa_3mm/E6011/AC/240812-130116_Audio/240812-130116_6013-2.wav,240812-130116_Audio,11,Placa_3mm,E6011,AC,Placa_3mm,E6011,AC,Placa_3mm,E6011,AC
audio/Placa_3mm/E6011/AC/240812-130116_Audio/240812-130116_6013-2.wav,240812-130116_Audio,12,Placa_3mm,E6011,AC,Placa_3mm,E6011,AC,Placa_3mm,E6011,AC
audio/Placa_3mm/E6011/AC/240812-130116_Audio/240812-130116_6013-2.wav,240812-130116_Audio,13,Placa_3mm,E6011,AC,Placa_3mm,E6011,AC,Placa_3mm,E6011,AC
audio/Placa_3mm/E6011/AC/240812-130116_Audio/240812-130116_6013-2.wav,240812-130116_Audio,14,Placa_3mm,E6011,AC,Placa_3mm,E6011,AC,Placa_3mm,E6011,AC
audio/Placa_3mm/E6011/AC/240812-130116_Audio/240812-130116_6013-2.wav,240812-130116_Audio,15,Placa_3mm,E6011,AC,Placa_3mm,E6011,AC,Placa_3mm,E6011,AC
audio/Placa_3mm/E6011/AC/240812-130116_Audio/240812-130116_6013-2.wav,240812-130116_Audio,16,Placa_3mm,E6011,AC,Placa_3mm,E6011,AC,Placa_3mm,E6011,AC
audio/Placa_3mm/E6011/AC/240812-130116_Audio/240812-130116_6013-2.wav,240812-130116_Audio,17,Placa_3mm,E6011,AC,Placa_3mm,E6011,AC,Placa_3mm,E6011,AC
audio/Placa_3mm/E6011/AC/240812-130116_Audio/240812-130116_6013-2.wav,240812-130116_Audio,18,Placa_3mm,E6011,AC,Placa_3mm,E6011,AC,Placa_3mm,E6011,AC
audio/Placa_3mm/E6011/AC/240812-130116_Audio/240812-130116_6013-2.wav,240812-130116_Audio,19,Placa_3mm,E6011,AC,Placa_3mm,E6011,AC,Placa_6mm,E6011,AC
audio/Placa_3mm/E6011/AC/240812-130116_Audio/240812-130116_6013-2.wav,240812-130116_Audio,20,Placa_3mm,E6011,AC,Placa_3mm,E6011,AC,Placa_3mm,E6011,AC
audio/Placa_3mm/E6011/AC/240812-130116_Audio/240812-130116_6013-2.wav,240812-130116_Audio,21,Placa_3mm,E6011,AC,Placa_3mm,E6011,AC,Placa_3mm,E6011,AC
audio/Placa_3mm/E6011/AC/240812-130116_Audio/240812-130116_6013-2.wav,240812-130116_Audio,22,Placa_3mm,E6011,AC,Placa_3mm,E6011,AC,Placa_3mm,E6011,AC
audio/Placa_3mm/E6011/AC/240812-130116_Audio/240812-130116_6013-2.wav,240812-130116_Audio,23,Placa_3mm,E6011,AC,Placa_3mm,E6011,AC,Placa_3mm,E6011,AC
audio/Placa_3mm/E6011/AC/240812-131731_Audio/240812-131731_6013-2.wav,240812-131731_Audio,0,Placa_3mm,E6011,AC,Placa_3mm,E6011,AC,Placa_3mm,E6011,AC
audio/Placa_3mm/E6011/AC/240812-131731_Audio/240812-131731_6013-2.wav,240812-131731_Audio,1,Placa_3mm,E6011,AC,Placa_3mm,E6011,AC,Placa_3mm,E6011,AC
audio/Placa_3mm/E6011/AC/240812-131731_Audio/240812-131731_6013-2.wav,240812-131731_Audio,2,Placa_3mm,E6011,AC,Placa_3mm,E6011,AC,Placa_3mm,E6011,AC
audio/Placa_3mm/E6011/AC/240812-131731_Audio/240812-131731_6013-2.wav,240812-131731_Audio,3,Placa_3mm,E6011,AC,Placa_3mm,E6011,AC,Placa_3mm,E6011,AC
audio/Placa_3mm/E6011/AC/240812-131731_Audio/240812-131731_6013-2.wav,240812-131731_Audio,4,Placa_3mm,E6011,AC,Placa_3mm,E6011,AC,Placa_3mm,E6011,AC
audio/Placa_3mm/E6011/AC/240812-131731_Audio/240812-131731_6013-2.wav,240812-131731_Audio,5,Placa_3mm,E6011,AC,Placa_3mm,E6011,AC,Placa_3mm,E6011,AC
audio/Placa_3mm/E6011/AC/240812-131731_Audio/240812-131731_6013-2.wav,240812-131731_Audio,6,Placa_3mm,E6011,AC,Placa_3mm,E6011,AC,Placa_3mm,E6011,AC
audio/Placa_3mm/E6011/AC/240812-131731_Audio/240812-131731_6013-2.wav,240812-131731_Audio,7,Placa_3mm,E6011,AC,Placa_3mm,E6011,AC,Placa_3mm,E6011,AC
audio/Placa_3mm/E6011/AC/240812-131731_Audio/240812-131731_6013-2.wav,240812-131731_Audio,8,Placa_3mm,E6011,AC,Placa_3mm,E6011,AC,Placa_3mm,E6011,AC
audio/Placa_3mm/E6011/AC/240812-131731_Audio/240812-131731_6013-2.wav,240812-131731_Audio,9,Placa_3mm,E6011,AC,Placa_3mm,E6011,AC,Placa_3mm,E6011,AC
audio/Placa_3mm/E6011/AC/240812-131731_Audio/240812-131731_6013-2.wav,240812-131731_Audio,10,Placa_3mm,E6011,AC,Placa_3mm,E6011,AC,Placa_3mm,E6011,AC
audio/Placa_3mm/E6011/AC/240812-131731_Audio/240812-131731_6013-2.wav,240812-131731_Audio,11,Placa_3mm,E6011,AC,Placa_3mm,E6011,AC,Placa_3mm,E6011,AC
audio/Placa_3mm/E6011/AC/240812-131731_Audio/240812-131731_6013-2.wav,240812-131731_Audio,12,Placa_3mm,E6011,AC,Placa_3mm,E6011,AC,Placa_3mm,E6011,AC
audio/Placa_3mm/E6011/AC/240812-131731_Audio/240812-131731_6013-2.wav,240812-131731_Audio,13,Placa_3mm,E6011,AC,Placa_3mm,E6011,AC,Placa_3mm,E6011,AC
audio/Placa_3mm/E6011/AC/240812-131731_Audio/240812-131731_6013-2.wav,240812-131731_Audio,14,Placa_3mm,E6011,AC,Placa_3mm,E6011,AC,Placa_3mm,E6011,AC
audio/Placa_3mm/E6011/AC/240812-131731_Audio/240812-131731_6013-2.wav,240812-131731_Audio,15,Placa_3mm,E6011,AC,Placa_3mm,E6011,AC,Placa_3mm,E6011,AC
audio/Placa_3mm/E6011/AC/240812-131731_Audio/240812-131731_6013-2.wav,240812-131731_Audio,16,Placa_3mm,E6011,AC,Placa_3mm,E6011,AC,Placa_3mm,E6011,AC
audio/Placa_3mm/E6011/AC/240812-131731_Audio/240812-131731_6013-2.wav,240812-131731_Audio,17,Placa_3mm,E6011,AC,Placa_3mm,E6011,AC,Placa_3mm,E6011,AC
audio/Placa_3mm/E6011/AC/240812-131731_Audio/240812-131731_6013-2.wav,240812-131731_Audio,18,Placa_3mm,E6011,AC,Placa_3mm,E6011,AC,Placa_3mm,E6011,AC
audio/Placa_3mm/E6011/AC/240812-131731_Audio/240812-131731_6013-2.wav,240812-131731_Audio,19,Placa_3mm,E6011,AC,Placa_3mm,E6011,AC,Placa_3mm,E6011,AC
audio/Placa_3mm/E6011/AC/240812-131731_Audio/240812-131731_6013-2.wav,240812-131731_Audio,20,Placa_3mm,E6011,AC,Placa_3mm,E6011,AC,Placa_3mm,E6011,AC
audio/Placa_3mm/E6011/AC/240812-131731_Audio/240812-131731_6013-2.wav,240812-131731_Audio,21,Placa_3mm,E6011,AC,Placa_3mm,E6011,AC,Placa_3mm,E6011,AC
audio/Placa_3mm/E6011/AC/240812-131731_Audio/240812-131731_6013-2.wav,240812-131731_Audio,22,Placa_3mm,E6011,AC,Placa_3mm,E6011,AC,Placa_3mm,E6011,AC
audio/Placa_3mm/E6011/AC/240812-131731_Audio/240812-131731_6013-2.wav,240812-131731_Audio,23,Placa_3mm,E6011,AC,Placa_3mm,E6011,AC,Placa_3mm,E6011,AC
audio/Placa_3mm/E6011/AC/240812-131731_Audio/240812-131731_6013-2.wav,240812-131731_Audio,24,Placa_3mm,E6011,AC,Placa_3mm,E6011,AC,Placa_3mm,E6011,AC
audio/Placa_3mm/E6011/AC/240812-131731_Audio/240812-131731_6013-2.wav,240812-131731_Audio,25,Placa_3mm,E6011,AC,Placa_3mm,E6011,AC,Placa_3mm,E6011,AC
audio/Placa_3mm/E6011/AC/240812-131731_Audio/240812-131731_6013-2.wav,240812-131731_Audio,26,Placa_3mm,E6011,AC,Placa_3mm,E6011,AC,Placa_3mm,E6011,AC
audio/Placa_3mm/E6011/AC/240812-131731_Audio/240812-131731_6013-2.wav,240812-131731_Audio,27,Placa_3mm,E6011,AC,Placa_3mm,E6011,AC,Placa_3mm,E6011,AC
audio/Placa_3mm/E6011/AC/240812-131731_Audio/240812-131731_6013-2.wav,240812-131731_Audio,28,Placa_3mm,E6011,AC,Placa_3mm,E6011,AC,Placa_3mm,E6011,AC
audio/Placa_3mm/E6011/AC/240812-131731_Audio/240812-131731_6013-2.wav,240812-131731_Audio,29,Placa_3mm,E6011,AC,Placa_3mm,E6011,AC,Placa_3mm,E6011,AC
audio/Placa_3mm/E6011/AC/240812-131731_Audio/240812-131731_6013-2.wav,240812-131731_Audio,30,Placa_3mm,E6011,AC,Placa_3mm,E6011,AC,Placa_3mm,E6011,AC
audio/Placa_3mm/E6011/AC/240812-131731_Audio/240812-131731_6013-2.wav,240812-131731_Audio,31,Placa_3mm,E6011,AC,Placa_3mm,E6011,AC,Placa_3mm,E6011,AC
audio/Placa_3mm/E6011/AC/240812-131731_Audio/240812-131731_6013-2.wav,240812-131731_Audio,32,Placa_3mm,E6011,AC,Placa_3mm,E6011,AC,Placa_3mm,E6011,AC
audio/Placa_3mm/E6011/AC/240812-131731_Audio/240812-131731_6013-2.wav,240812-131731_Audio,33,Placa_3mm,E6011,AC,Placa_3mm,E6011,AC,Placa_3mm,E6011,AC
audio/Placa_3mm/E6011/AC/240812-131731_Audio/240812-131731_6013-2.wav,240812-131731_Audio,34,Placa_3mm,E6011,AC,Placa_3mm,E6011,AC,Placa_3mm,E6011,AC
audio/Placa_3mm/E6011/AC/240812-131731_Audio/240812-131731_6013-2.wav,240812-131731_Audio,35,Placa_3mm,E6011,AC,Placa_3mm,E6011,AC,Placa_3mm,E6011,AC
audio/Placa_3mm/E6011/AC/240812-131731_Audio/240812-131731_6013-2.wav,240812-131731_Audio,36,Placa_3mm,E6011,AC,Placa_3mm,E6011,AC,Placa_3mm,E6011,AC
audio/Placa_3mm/E6011/DC/240802-133513_Audio/240802-133513_6013-2.wav,240802-133513_Audio,0,Placa_3mm,E6011,DC,Placa_3mm,E6011,DC,Placa_3mm,E6011,DC
audio/Placa_3mm/E6011/DC/240802-133513_Audio/240802-133513_6013-2.wav,240802-133513_Audio,1,Placa_3mm,E6011,DC,Placa_3mm,E6011,DC,Placa_3mm,E6011,DC
audio/Placa_3mm/E6011/DC/240802-135929_Audio/240802-135929_6013-2.wav,240802-135929_Audio,0,Placa_3mm,E6011,DC,Placa_3mm,E6011,DC,Placa_3mm,E6011,DC
audio/Placa_3mm/E6011/DC/240802-135929_Audio/240802-135929_6013-2.wav,240802-135929_Audio,1,Placa_3mm,E6011,DC,Placa_3mm,E6011,DC,Placa_3mm,E6011,DC
audio/Placa_3mm/E6011/DC/240802-135929_Audio/240802-135929_6013-2.wav,240802-135929_Audio,2,Placa_3mm,E6011,DC,Placa_3mm,E6011,DC,Placa_3mm,E6011,DC
audio/Placa_3mm/E6011/DC/240802-135929_Audio/240802-135929_6013-2.wav,240802-135929_Audio,3,Placa_3mm,E6011,DC,Placa_3mm,E6011,DC,Placa_3mm,E6011,DC
audio/Placa_3mm/E6011/DC/240802-135929_Audio/240802-135929_6013-2.wav,240802-135929_Audio,4,Placa_3mm,E6011,DC,Placa_3mm,E6011,DC,Placa_3mm,E6011,DC
audio/Placa_3mm/E6011/DC/240802-135929_Audio/240802-135929_6013-2.wav,240802-135929_Audio,5,Placa_3mm,E6011,DC,Placa_3mm,E6011,DC,Placa_3mm,E6011,DC
audio/Placa_3mm/E6011/DC/240802-135929_Audio/240802-135929_6013-2.wav,240802-135929_Audio,6,Placa_3mm,E6011,DC,Placa_3mm,E6011,DC,Placa_3mm,E6011,DC
audio/Placa_3mm/E6011/DC/240802-135929_Audio/240802-135929_6013-2.wav,240802-135929_Audio,7,Placa_3mm,E6011,DC,Placa_3mm,E6011,DC,Placa_3mm,E6011,DC
audio/Placa_3mm/E6011/DC/240802-135929_Audio/240802-135929_6013-2.wav,240802-135929_Audio,8,Placa_3mm,E6011,DC,Placa_3mm,E6011,DC,Placa_3mm,E6011,DC
audio/Placa_3mm/E6011/DC/240802-135929_Audio/240802-135929_6013-2.wav,240802-135929_Audio,9,Placa_3mm,E6011,DC,Placa_3mm,E6011,DC,Placa_3mm,E6011,DC
audio/Placa_3mm/E6011/DC/240802-135929_Audio/240802-135929_6013-2.wav,240802-135929_Audio,10,Placa_3mm,E6011,DC,Placa_3mm,E6011,DC,Placa_3mm,E6011,DC
audio/Placa_3mm/E6011/DC/240802-135929_Audio/240802-135929_6013-2.wav,240802-135929_Audio,11,Placa_3mm,E6011,DC,Placa_3mm,E6011,DC,Placa_3mm,E6011,DC
audio/Placa_3mm/E6011/DC/240802-135929_Audio/240802-135929_6013-2.wav,240802-135929_Audio,12,Placa_3mm,E6011,DC,Placa_3mm,E6011,DC,Placa_3mm,E6011,DC
audio/Placa_3mm/E6011/DC/240802-135929_Audio/240802-135929_6013-2.wav,240802-135929_Audio,13,Placa_3mm,E6011,DC,Placa_3mm,E6011,DC,Placa_3mm,E6011,DC
audio/Placa_3mm/E6011/DC/240802-135929_Audio/240802-135929_6013-2.wav,240802-135929_Audio,14,Placa_3mm,E6011,DC,Placa_3mm,E6011,DC,Placa_3mm,E6011,DC
audio/Placa_3mm/E6011/DC/240802-135929_Audio/240802-135929_6013-2.wav,240802-135929_Audio,15,Placa_3mm,E6011,DC,Placa_3mm,E6011,DC,Placa_3mm,E6011,DC
audio/Placa_3mm/E6011/DC/240802-135929_Audio/240802-135929_6013-2.wav,240802-135929_Audio,16,Placa_3mm,E6011,DC,Placa_3mm,E6011,DC,Placa_3mm,E6011,DC
audio/Placa_3mm/E6011/DC/240802-135929_Audio/240802-135929_6013-2.wav,240802-135929_Audio,17,Placa_3mm,E6011,DC,Placa_3mm,E6011,DC,Placa_3mm,E6011,DC
audio/Placa_3mm/E6011/DC/240802-135929_Audio/240802-135929_6013-2.wav,240802-135929_Audio,18,Placa_3mm,E6011,DC,Placa_3mm,E6011,DC,Placa_3mm,E6011,DC
audio/Placa_3mm/E6011/DC/240802-135929_Audio/240802-135929_6013-2.wav,240802-135929_Audio,19,Placa_3mm,E6011,DC,Placa_3mm,E6011,DC,Placa_3mm,E6010,DC
audio/Placa_3mm/E6011/DC/240802-142045_Audio/240802-142045_6013-2.wav,240802-142045_Audio,0,Placa_3mm,E6011,DC,Placa_3mm,E6011,DC,Placa_3mm,E6011,DC
audio/Placa_3mm/E6011/DC/240802-142045_Audio/240802-142045_6013-2.wav,240802-142045_Audio,1,Placa_3mm,E6011,DC,Placa_3mm,E6011,DC,Placa_3mm,E6011,DC
audio/Placa_3mm/E6011/DC/240802-142045_Audio/240802-142045_6013-2.wav,240802-142045_Audio,2,Placa_3mm,E6011,DC,Placa_3mm,E6011,DC,Placa_3mm,E6011,DC
audio/Placa_3mm/E6011/DC/240802-142045_Audio/240802-142045_6013-2.wav,240802-142045_Audio,3,Placa_3mm,E6011,DC,Placa_3mm,E6011,DC,Placa_3mm,E6011,DC
audio/Placa_3mm/E6011/DC/240802-142045_Audio/240802-142045_6013-2.wav,240802-142045_Audio,4,Placa_3mm,E6011,DC,Placa_3mm,E6011,DC,Placa_3mm,E6011,DC
audio/Placa_3mm/E6011/DC/240802-142045_Audio/240802-142045_6013-2.wav,240802-142045_Audio,5,Placa_3mm,E6011,DC,Placa_3mm,E6011,DC,Placa_3mm,E6011,DC
audio/Placa_3mm/E6011/DC/240802-142045_Audio/240802-142045_6013-2.wav,240802-142045_Audio,6,Placa_3mm,E6011,DC,Placa_3mm,E6011,DC,Placa_3mm,E6011,DC
audio/Placa_3mm/E6011/DC/240802-142045_Audio/240802-142045_6013-2.wav,240802-142045_Audio,7,Placa_3mm,E6011,DC,Placa_3mm,E6011,DC,Placa_3mm,E6011,DC
audio/Placa_3mm/E6011/DC/240802-142045_Audio/240802-142045_6013-2.wav,240802-142045_Audio,8,Placa_3mm,E6011,DC,Placa_3mm,E6011,DC,Placa_3mm,E6011,DC
audio/Placa_3mm/E6011/DC/240802-142045_Audio/240802-142045_6013-2.wav,240802-142045_Audio,9,Placa_3mm,E6011,DC,Placa_3mm,E6011,DC,Placa_3mm,E6011,DC
audio/Placa_3mm/E6011/DC/240802-142045_Audio/240802-142045_6013-2.wav,240802-142045_Audio,10,Placa_3mm,E6011,DC,Placa_3mm,E6011,DC,Placa_3mm,E6011,DC
audio/Placa_3mm/E6011/DC/240802-142045_Audio/240802-142045_6013-2.wav,240802-142045_Audio,11,Placa_3mm,E6011,DC,Placa_3mm,E6011,DC,Placa_3mm,E6011,DC
audio/Placa_3mm/E6011/DC/240802-142045_Audio/240802-142045_6013-2.wav,240802-142045_Audio,12,Placa_3mm,E6011,DC,Placa_3mm,E6011,DC,Placa_3mm,E6011,DC
audio/Placa_3mm/E6011/DC/240802-142045_Audio/240802-142045_6013-2.wav,240802-142045_Audio,13,Placa_3mm,E6011,DC,Placa_3mm,E6011,DC,Placa_3mm,E6011,DC
audio/Placa_3mm/E6011/DC/240802-142045_Audio/240802-142045_6013-2.wav,240802-142045_Audio,14,Placa_3mm,E6011,DC,Placa_3mm,E6011,DC,Placa_3mm,E6011,DC
audio/Placa_3mm/E6011/DC/240802-142045_Audio/240802-142045_6013-2.wav,240802-142045_Audio,15,Placa_3mm,E6011,DC,Placa_3mm,E6011,DC,Placa_3mm,E6011,DC
audio/Placa_3mm/E6011/DC/240802-142045_Audio/240802-142045_6013-2.wav,240802-142045_Audio,16,Placa_3mm,E6011,DC,Placa_3mm,E6011,DC,Placa_3mm,E6011,DC
audio/Placa_3mm/E6011/DC/240802-142045_Audio/240802-142045_6013-2.wav,240802-142045_Audio,17,Placa_3mm,E6011,DC,Placa_3mm,E6011,DC,Placa_3mm,E6011,DC
audio/Placa_3mm/E6011/DC/240802-142045_Audio/240802-142045_6013-2.wav,240802-142045_Audio,18,Placa_3mm,E6011,DC,Placa_3mm,E6011,DC,Placa_3mm,E6011,DC
audio/Placa_3mm/E6011/DC/240802-142045_Audio/240802-142045_6013-2.wav,240802-142045_Audio,19,Placa_3mm,E6011,DC,Placa_3mm,E6011,DC,Placa_3mm,E6011,DC
audio/Placa_3mm/E6013/AC/240812-145142_Audio/240812-145142_6013-2.wav,240812-145142_Audio,0,Placa_3mm,E6013,AC,Placa_3mm,E6013,AC,Placa_3mm,E6013,AC
audio/Placa_3mm/E6013/AC/240812-145142_Audio/240812-145142_6013-2.wav,240812-145142_Audio,1,Placa_3mm,E6013,AC,Placa_3mm,E6013,AC,Placa_3mm,E6011,AC
audio/Placa_3mm/E6013/AC/240812-145142_Audio/240812-145142_6013-2.wav,240812-145142_Audio,2,Placa_3mm,E6013,AC,Placa_3mm,E6013,AC,Placa_3mm,E6013,AC
audio/Placa_3mm/E6013/AC/240812-145142_Audio/240812-145142_6013-2.wav,240812-145142_Audio,3,Placa_3mm,E6013,AC,Placa_3mm,E6013,AC,Placa_3mm,E6013,AC
audio/Placa_3mm/E6013/AC/240812-145142_Audio/240812-145142_6013-2.wav,240812-145142_Audio,4,Placa_3mm,E6013,AC,Placa_3mm,E6013,AC,Placa_3mm,E6013,AC
audio/Placa_3mm/E6013/AC/240812-145142_Audio/240812-145142_6013-2.wav,240812-145142_Audio,5,Placa_3mm,E6013,AC,Placa_3mm,E6013,AC,Placa_3mm,E6011,AC
audio/Placa_3mm/E6013/AC/240812-145142_Audio/240812-145142_6013-2.wav,240812-145142_Audio,6,Placa_3mm,E6013,AC,Placa_3mm,E6013,AC,Placa_3mm,E6013,AC
audio/Placa_3mm/E6013/AC/240812-145142_Audio/240812-145142_6013-2.wav,240812-145142_Audio,7,Placa_3mm,E6013,AC,Placa_3mm,E6013,AC,Placa_3mm,E6013,AC
audio/Placa_3mm/E6013/AC/240812-145142_Audio/240812-145142_6013-2.wav,240812-145142_Audio,8,Placa_3mm,E6013,AC,Placa_3mm,E6013,AC,Placa_3mm,E6013,AC
audio/Placa_3mm/E6013/AC/240812-145142_Audio/240812-145142_6013-2.wav,240812-145142_Audio,9,Placa_3mm,E6013,AC,Placa_3mm,E6013,AC,Placa_3mm,E6011,AC
audio/Placa_3mm/E6013/AC/240812-145142_Audio/240812-145142_6013-2.wav,240812-145142_Audio,10,Placa_3mm,E6013,AC,Placa_3mm,E6013,AC,Placa_3mm,E6013,AC
audio/Placa_3mm/E6013/AC/240812-145142_Audio/240812-145142_6013-2.wav,240812-145142_Audio,11,Placa_3mm,E6013,AC,Placa_3mm,E6013,AC,Placa_3mm,E6013,AC
audio/Placa_3mm/E6013/AC/240812-145142_Audio/240812-145142_6013-2.wav,240812-145142_Audio,12,Placa_3mm,E6013,AC,Placa_3mm,E6013,AC,Placa_3mm,E6013,AC
audio/Placa_3mm/E6013/AC/240812-145142_Audio/240812-145142_6013-2.wav,240812-145142_Audio,13,Placa_3mm,E6013,AC,Placa_3mm,E6013,AC,Placa_3mm,E6013,AC
audio/Placa_3mm/E6013/AC/240812-145142_Audio/240812-145142_6013-2.wav,240812-145142_Audio,14,Placa_3mm,E6013,AC,Placa_3mm,E6013,AC,Placa_3mm,E6013,AC
audio/Placa_3mm/E6013/AC/240812-145142_Audio/240812-145142_6013-2.wav,240812-145142_Audio,15,Placa_3mm,E6013,AC,Placa_3mm,E6013,AC,Placa_3mm,E6013,AC
audio/Placa_3mm/E6013/AC/240812-145142_Audio/240812-145142_6013-2.wav,240812-145142_Audio,16,Placa_3mm,E6013,AC,Placa_3mm,E6013,AC,Placa_3mm,E6013,AC
audio/Placa_3mm/E6013/AC/240812-145142_Audio/240812-145142_6013-2.wav,240812-145142_Audio,17,Placa_3mm,E6013,AC,Placa_3mm,E6013,AC,Placa_3mm,E6013,AC
audio/Placa_3mm/E6013/AC/240812-152245_Audio/240812-152245_6013-2.wav,240812-152245_Audio,0,Placa_3mm,E6013,AC,Placa_3mm,E6013,AC,Placa_3mm,E6013,AC
audio/Placa_3mm/E6013/AC/240812-152245_Audio/240812-152245_6013-2.wav,240812-152245_Audio,1,Placa_3mm,E6013,AC,Placa_3mm,E6013,AC,Placa_3mm,E6011,AC
audio/Placa_3mm/E6013/AC/240812-152245_Audio/240812-152245_6013-2.wav,240812-152245_Audio,2,Placa_3mm,E6013,AC,Placa_3mm,E6013,AC,Placa_3mm,E6013,AC
audio/Placa_3mm/E6013/AC/240812-152245_Audio/240812-152245_6013-2.wav,240812-152245_Audio,3,Placa_3mm,E6013,AC,Placa_3mm,E6013,AC,Placa_3mm,E6011,AC
audio/Placa_3mm/E6013/AC/240812-152245_Audio/240812-152245_6013-2.wav,240812-152245_Audio,4,Placa_3mm,E6013,AC,Placa_3mm,E6013,AC,Placa_3mm,E6013,AC
audio/Placa_3mm/E6013/AC/240812-152245_Audio/240812-152245_6013-2.wav,240812-152245_Audio,5,Placa_3mm,E6013,AC,Placa_3mm,E6013,AC,Placa_3mm,E6013,AC
audio/Placa_3mm/E6013/AC/240812-152245_Audio/240812-152245_6013-2.wav,240812-152245_Audio,6,Placa_3mm,E6013,AC,Placa_3mm,E6013,AC,Placa_3mm,E6013,AC
audio/Placa_3mm/E6013/AC/240812-152245_Audio/240812-152245_6013-2.wav,240812-152245_Audio,7,Placa_3mm,E6013,AC,Placa_3mm,E6013,AC,Placa_3mm,E6013,AC
audio/Placa_3mm/E6013/AC/240812-152245_Audio/240812-152245_6013-2.wav,240812-152245_Audio,8,Placa_3mm,E6013,AC,Placa_3mm,E6013,AC,Placa_3mm,E6013,AC
audio/Placa_3mm/E6013/AC/240812-152245_Audio/240812-152245_6013-2.wav,240812-152245_Audio,9,Placa_3mm,E6013,AC,Placa_3mm,E6013,AC,Placa_3mm,E6013,AC
audio/Placa_3mm/E6013/AC/240812-152245_Audio/240812-152245_6013-2.wav,240812-152245_Audio,10,Placa_3mm,E6013,AC,Placa_3mm,E6013,AC,Placa_3mm,E6013,AC
audio/Placa_3mm/E6013/AC/240812-152245_Audio/240812-152245_6013-2.wav,240812-152245_Audio,11,Placa_3mm,E6013,AC,Placa_3mm,E6013,AC,Placa_3mm,E6013,AC
audio/Placa_3mm/E6013/AC/240812-152245_Audio/240812-152245_6013-2.wav,240812-152245_Audio,12,Placa_3mm,E6013,AC,Placa_3mm,E6013,AC,Placa_3mm,E6013,AC
audio/Placa_3mm/E6013/AC/240812-152245_Audio/240812-152245_6013-2.wav,240812-152245_Audio,13,Placa_3mm,E6013,AC,Placa_3mm,E6013,AC,Placa_3mm,E6013,AC
audio/Placa_3mm/E6013/AC/240812-152245_Audio/240812-152245_6013-2.wav,240812-152245_Audio,14,Placa_3mm,E6013,AC,Placa_3mm,E6013,AC,Placa_3mm,E6013,AC
audio/Placa_3mm/E6013/AC/240812-152245_Audio/240812-152245_6013-2.wav,240812-152245_Audio,15,Placa_3mm,E6013,AC,Placa_3mm,E6013,AC,Placa_3mm,E6013,AC
audio/Placa_3mm/E6013/AC/240812-152245_Audio/240812-152245_6013-2.wav,240812-152245_Audio,16,Placa_3mm,E6013,AC,Placa_3mm,E6013,AC,Placa_3mm,E6013,AC
audio/Placa_3mm/E6013/AC/240812-152245_Audio/240812-152245_6013-2.wav,240812-152245_Audio,17,Placa_3mm,E6013,AC,Placa_3mm,E6013,AC,Placa_3mm,E6013,AC
audio/Placa_3mm/E6013/AC/240812-152245_Audio/240812-152245_6013-2.wav,240812-152245_Audio,18,Placa_3mm,E6013,AC,Placa_3mm,E6013,AC,Placa_3mm,E6013,AC
audio/Placa_3mm/E6013/AC/240812-152245_Audio/240812-152245_6013-2.wav,240812-152245_Audio,19,Placa_3mm,E6013,AC,Placa_3mm,E6013,AC,Placa_3mm,E6013,AC
audio/Placa_3mm/E6013/AC/240812-152245_Audio/240812-152245_6013-2.wav,240812-152245_Audio,20,Placa_3mm,E6013,AC,Placa_3mm,E6013,AC,Placa_3mm,E6013,AC
audio/Placa_3mm/E6013/DC/240819-123536_Audio/240819-123536_6013-2.wav,240819-123536_Audio,0,Placa_3mm,E6013,DC,Placa_3mm,E6013,DC,Placa_12mm,E6010,DC
audio/Placa_3mm/E6013/DC/240819-123536_Audio/240819-123536_6013-2.wav,240819-123536_Audio,1,Placa_3mm,E6013,DC,Placa_3mm,E6013,DC,Placa_12mm,E6010,DC
audio/Placa_3mm/E6013/DC/240819-123536_Audio/240819-123536_6013-2.wav,240819-123536_Audio,2,Placa_3mm,E6013,DC,Placa_3mm,E6013,DC,Placa_6mm,E6013,DC
audio/Placa_3mm/E6013/DC/240819-123536_Audio/240819-123536_6013-2.wav,240819-123536_Audio,3,Placa_3mm,E6013,DC,Placa_3mm,E6013,DC,Placa_3mm,E6013,DC
audio/Placa_3mm/E6013/DC/240819-123536_Audio/240819-123536_6013-2.wav,240819-123536_Audio,4,Placa_3mm,E6013,DC,Placa_3mm,E6013,DC,Placa_3mm,E6010,DC
audio/Placa_3mm/E6013/DC/240819-123536_Audio/240819-123536_6013-2.wav,240819-123536_Audio,5,Placa_3mm,E6013,DC,Placa_3mm,E6013,DC,Placa_3mm,E6013,DC
audio/Placa_3mm/E6013/DC/240819-123536_Audio/240819-123536_6013-2.wav,240819-123536_Audio,6,Placa_3mm,E6013,DC,Placa_3mm,E6013,DC,Placa_12mm,E6013,DC
audio/Placa_3mm/E6013/DC/240819-123536_Audio/240819-123536_6013-2.wav,240819-123536_Audio,7,Placa_3mm,E6013,DC,Placa_3mm,E6013,DC,Placa_6mm,E6010,DC
audio/Placa_3mm/E6013/DC/240819-123536_Audio/240819-123536_6013-2.wav,240819-123536_Audio,8,Placa_3mm,E6013,DC,Placa_3mm,E6013,DC,Placa_3mm,E6013,DC
audio/Placa_3mm/E6013/DC/240819-123536_Audio/240819-123536_6013-2.wav,240819-123536_Audio,9,Placa_3mm,E6013,DC,Placa_3mm,E6013,DC,Placa_6mm,E6010,DC
audio/Placa_3mm/E6013/DC/240819-123536_Audio/240819-123536_6013-2.wav,240819-123536_Audio,10,Placa_3mm,E6013,DC,Placa_3mm,E6013,DC,Placa_6mm,E6010,DC
audio/Placa_3mm/E6013/DC/240819-123536_Audio/240819-123536_6013-2.wav,240819-123536_Audio,11,Placa_3mm,E6013,DC,Placa_3mm,E6013,DC,Placa_3mm,E6013,DC
audio/Placa_3mm/E6013/DC/240819-123536_Audio/240819-123536_6013-2.wav,240819-123536_Audio,12,Placa_3mm,E6013,DC,Placa_3mm,E6013,DC,Placa_3mm,E6013,DC
audio/Placa_3mm/E6013/DC/240819-123536_Audio/240819-123536_6013-2.wav,240819-123536_Audio,13,Placa_3mm,E6013,DC,Placa_3mm,E6013,DC,Placa_3mm,E6013,DC
audio/Placa_3mm/E6013/DC/240819-123536_Audio/240819-123536_6013-2.wav,240819-123536_Audio,14,Placa_3mm,E6013,DC,Placa_3mm,E6013,DC,Placa_3mm,E6013,DC
audio/Placa_3mm/E6013/DC/240819-123536_Audio/240819-123536_6013-2.wav,240819-123536_Audio,15,Placa_3mm,E6013,DC,Placa_3mm,E6013,DC,Placa_3mm,E6013,DC
audio/Placa_3mm/E6013/DC/240819-123536_Audio/240819-123536_6013-2.wav,240819-123536_Audio,16,Placa_3mm,E6013,DC,Placa_3mm,E6013,DC,Placa_12mm,E6013,DC
audio/Placa_3mm/E6013/DC/240819-123536_Audio/240819-123536_6013-2.wav,240819-123536_Audio,17,Placa_3mm,E6013,DC,Placa_3mm,E6013,DC,Placa_3mm,E6013,DC
audio/Placa_3mm/E6013/DC/240819-131445_Audio/240819-131445_6013-2.wav,240819-131445_Audio,0,Placa_3mm,E6013,DC,Placa_3mm,E6013,DC,Placa_6mm,E6013,DC
audio/Placa_3mm/E6013/DC/240819-131445_Audio/240819-131445_6013-2.wav,240819-131445_Audio,1,Placa_3mm,E6013,DC,Placa_3mm,E6013,DC,Placa_3mm,E6013,DC
audio/Placa_3mm/E6013/DC/240819-131445_Audio/240819-131445_6013-2.wav,240819-131445_Audio,2,Placa_3mm,E6013,DC,Placa_3mm,E6013,DC,Placa_3mm,E6013,DC
audio/Placa_3mm/E6013/DC/240819-131445_Audio/240819-131445_6013-2.wav,240819-131445_Audio,3,Placa_3mm,E6013,DC,Placa_3mm,E6013,DC,Placa_3mm,E6013,DC
audio/Placa_3mm/E6013/DC/240819-131445_Audio/240819-131445_6013-2.wav,240819-131445_Audio,4,Placa_3mm,E6013,DC,Placa_3mm,E6013,DC,Placa_3mm,E6013,DC
audio/Placa_3mm/E6013/DC/240819-131445_Audio/240819-131445_6013-2.wav,240819-131445_Audio,5,Placa_3mm,E6013,DC,Placa_3mm,E6013,DC,Placa_3mm,E6013,DC
audio/Placa_3mm/E6013/DC/240819-131445_Audio/240819-131445_6013-2.wav,240819-131445_Audio,6,Placa_3mm,E6013,DC,Placa_3mm,E6013,DC,Placa_3mm,E6013,DC
audio/Placa_3mm/E6013/DC/240819-131445_Audio/240819-131445_6013-2.wav,240819-131445_Audio,7,Placa_3mm,E6013,DC,Placa_3mm,E6013,DC,Placa_3mm,E6013,DC
audio/Placa_3mm/E6013/DC/240819-131445_Audio/240819-131445_6013-2.wav,240819-131445_Audio,8,Placa_3mm,E6013,DC,Placa_3mm,E6013,DC,Placa_6mm,E6013,DC
audio/Placa_3mm/E6013/DC/240819-131445_Audio/240819-131445_6013-2.wav,240819-131445_Audio,9,Placa_3mm,E6013,DC,Placa_3mm,E6013,DC,Placa_3mm,E6013,DC
audio/Placa_3mm/E6013/DC/240819-131445_Audio/240819-131445_6013-2.wav,240819-131445_Audio,10,Placa_3mm,E6013,DC,Placa_3mm,E6013,DC,Placa_3mm,E6013,DC
audio/Placa_3mm/E6013/DC/240819-131445_Audio/240819-131445_6013-2.wav,240819-131445_Audio,11,Placa_3mm,E6013,DC,Placa_3mm,E6013,DC,Placa_3mm,E6013,DC
audio/Placa_3mm/E6013/DC/240819-131445_Audio/240819-131445_6013-2.wav,240819-131445_Audio,12,Placa_3mm,E6013,DC,Placa_3mm,E6013,DC,Placa_3mm,E6010,DC
audio/Placa_3mm/E6013/DC/240819-131445_Audio/240819-131445_6013-2.wav,240819-131445_Audio,13,Placa_3mm,E6013,DC,Placa_3mm,E6013,DC,Placa_3mm,E6010,DC
audio/Placa_3mm/E7018/DC/240826-115807_Audio/240826-115807_6013-2.wav,240826-115807_Audio,0,Placa_3mm,E7018,DC,Placa_3mm,E7018,DC,Placa_3mm,E7018,DC
audio/Placa_3mm/E7018/DC/240826-115807_Audio/240826-115807_6013-2.wav,240826-115807_Audio,1,Placa_3mm,E7018,DC,Placa_3mm,E7018,DC,Placa_3mm,E7018,DC
audio/Placa_3mm/E7018/DC/240826-115807_Audio/240826-115807_6013-2.wav,240826-115807_Audio,2,Placa_3mm,E7018,DC,Placa_3mm,E7018,DC,Placa_3mm,E7018,DC
audio/Placa_3mm/E7018/DC/240826-115807_Audio/240826-115807_6013-2.wav,240826-115807_Audio,3,Placa_3mm,E7018,DC,Placa_3mm,E7018,DC,Placa_3mm,E7018,DC
audio/Placa_3mm/E7018/DC/240826-115807_Audio/240826-115807_6013-2.wav,240826-115807_Audio,4,Placa_3mm,E7018,DC,Placa_3mm,E7018,DC,Placa_3mm,E7018,DC
audio/Placa_3mm/E7018/DC/240826-115807_Audio/240826-115807_6013-2.wav,240826-115807_Audio,5,Placa_3mm,E7018,DC,Placa_3mm,E7018,DC,Placa_3mm,E7018,DC
audio/Placa_3mm/E7018/DC/240826-115807_Audio/240826-115807_6013-2.wav,240826-115807_Audio,6,Placa_3mm,E7018,DC,Placa_3mm,E7018,DC,Placa_3mm,E7018,DC
audio/Placa_3mm/E7018/DC/240826-115807_Audio/240826-115807_6013-2.wav,240826-115807_Audio,7,Placa_3mm,E7018,DC,Placa_3mm,E7018,DC,Placa_3mm,E7018,DC
audio/Placa_3mm/E7018/DC/240826-115807_Audio/240826-115807_6013-2.wav,240826-115807_Audio,8,Placa_3mm,E7018,DC,Placa_3mm,E7018,DC,Placa_3mm,E7018,DC
audio/Placa_3mm/E7018/DC/240826-115807_Audio/240826-115807_6013-2.wav,240826-115807_Audio,9,Placa_3mm,E7018,DC,Placa_3mm,E7018,DC,Placa_3mm,E7018,DC
audio/Placa_3mm/E7018/DC/240826-115807_Audio/240826-115807_6013-2.wav,240826-115807_Audio,10,Placa_3mm,E7018,DC,Placa_3mm,E7018,DC,Placa_3mm,E7018,DC
audio/Placa_3mm/E7018/DC/240826-115807_Audio/240826-115807_6013-2.wav,240826-115807_Audio,11,Placa_3mm,E7018,DC,Placa_3mm,E7018,DC,Placa_3mm,E7018,DC
audio/Placa_3mm/E7018/DC/240826-115807_Audio/240826-115807_6013-2.wav,240826-115807_Audio,12,Placa_3mm,E7018,DC,Placa_3mm,E7018,DC,Placa_3mm,E7018,DC
audio/Placa_3mm/E7018/DC/240826-115807_Audio/240826-115807_6013-2.wav,240826-115807_Audio,13,Placa_3mm,E7018,DC,Placa_3mm,E7018,DC,Placa_3mm,E7018,DC
audio/Placa_3mm/E7018/DC/240826-115807_Audio/240826-115807_6013-2.wav,240826-115807_Audio,14,Placa_3mm,E7018,DC,Placa_3mm,E7018,DC,Placa_3mm,E7018,DC
audio/Placa_3mm/E7018/DC/240826-115807_Audio/240826-115807_6013-2.wav,240826-115807_Audio,15,Placa_3mm,E7018,DC,Placa_3mm,E7018,DC,Placa_3mm,E7018,DC
audio/Placa_3mm/E7018/DC/240826-115807_Audio/240826-115807_6013-2.wav,240826-115807_Audio,16,Placa_3mm,E7018,DC,Placa_3mm,E7018,DC,Placa_3mm,E7018,DC
audio/Placa_3mm/E7018/DC/240826-115807_Audio/240826-115807_6013-2.wav,240826-115807_Audio,17,Placa_3mm,E7018,DC,Placa_3mm,E7018,DC,Placa_3mm,E7018,DC
audio/Placa_3mm/E7018/DC/240826-120415_Audio/240826-120415_6013-2.wav,240826-120415_Audio,0,Placa_3mm,E7018,DC,Placa_3mm,E7018,DC,Placa_3mm,E7018,DC
audio/Placa_3mm/E7018/DC/240826-120415_Audio/240826-120415_6013-2.wav,240826-120415_Audio,1,Placa_3mm,E7018,DC,Placa_3mm,E7018,DC,Placa_3mm,E7018,DC
audio/Placa_3mm/E7018/DC/240826-120415_Audio/240826-120415_6013-2.wav,240826-120415_Audio,2,Placa_3mm,E7018,DC,Placa_3mm,E7018,DC,Placa_3mm,E7018,DC
audio/Placa_3mm/E7018/DC/240826-120415_Audio/240826-120415_6013-2.wav,240826-120415_Audio,3,Placa_3mm,E7018,DC,Placa_3mm,E7018,DC,Placa_3mm,E7018,DC
audio/Placa_3mm/E7018/DC/240826-120415_Audio/240826-120415_6013-2.wav,240826-120415_Audio,4,Placa_3mm,E7018,DC,Placa_3mm,E7018,DC,Placa_3mm,E7018,DC
audio/Placa_3mm/E7018/DC/240826-120415_Audio/240826-120415_6013-2.wav,240826-120415_Audio,5,Placa_3mm,E7018,DC,Placa_3mm,E7018,DC,Placa_3mm,E7018,DC
audio/Placa_3mm/E7018/DC/240826-120415_Audio/240826-120415_6013-2.wav,240826-120415_Audio,6,Placa_3mm,E7018,DC,Placa_3mm,E7018,DC,Placa_3mm,E7018,DC
audio/Placa_3mm/E7018/DC/240826-120415_Audio/240826-120415_6013-2.wav,240826-120415_Audio,7,Placa_3mm,E7018,DC,Placa_3mm,E7018,DC,Placa_3mm,E7018,DC
audio/Placa_3mm/E7018/DC/240826-120415_Audio/240826-120415_6013-2.wav,240826-120415_Audio,8,Placa_3mm,E7018,DC,Placa_3mm,E7018,DC,Placa_3mm,E7018,DC
audio/Placa_3mm/E7018/DC/240826-120415_Audio/240826-120415_6013-2.wav,240826-120415_Audio,9,Placa_3mm,E7018,DC,Placa_3mm,E7018,DC,Placa_3mm,E7018,DC
audio/Placa_3mm/E7018/DC/240826-120415_Audio/240826-120415_6013-2.wav,240826-120415_Audio,10,Placa_3mm,E7018,DC,Placa_3mm,E7018,DC,Placa_3mm,E7018,DC
audio/Placa_3mm/E7018/DC/240826-120415_Audio/240826-120415_6013-2.wav,240826-120415_Audio,11,Placa_3mm,E7018,DC,Placa_3mm,E7018,DC,Placa_3mm,E7018,DC
audio/Placa_3mm/E7018/DC/240826-120415_Audio/240826-120415_6013-2.wav,240826-120415_Audio,12,Placa_3mm,E7018,DC,Placa_3mm,E7018,DC,Placa_3mm,E7018,DC
audio/Placa_3mm/E7018/DC/240826-120415_Audio/240826-120415_6013-2.wav,240826-120415_Audio,13,Placa_3mm,E7018,DC,Placa_3mm,E7018,DC,Placa_3mm,E7018,DC
audio/Placa_3mm/E7018/DC/240826-120415_Audio/240826-120415_6013-2.wav,240826-120415_Audio,14,Placa_3mm,E7018,DC,Placa_3mm,E7018,DC,Placa_3mm,E7018,DC
audio/Placa_3mm/E7018/DC/240826-120415_Audio/240826-120415_6013-2.wav,240826-120415_Audio,15,Placa_3mm,E7018,DC,Placa_3mm,E7018,DC,Placa_3mm,E7018,DC
audio/Placa_3mm/E7018/DC/240826-120415_Audio/240826-120415_6013-2.wav,240826-120415_Audio,16,Placa_3mm,E7018,DC,Placa_3mm,E7018,DC,Placa_3mm,E7018,DC
audio/Placa_3mm/E7018/DC/240826-120415_Audio/240826-120415_6013-2.wav,240826-120415_Audio,17,Placa_3mm,E7018,DC,Placa_3mm,E7018,DC,Placa_3mm,E7018,DC
audio/Placa_3mm/E7018/DC/240826-120415_Audio/240826-120415_6013-2.wav,240826-120415_Audio,18,Placa_3mm,E7018,DC,Placa_3mm,E7018,DC,Placa_6mm,E7018,DC
audio/Placa_3mm/E7018/DC/240826-120415_Audio/240826-120415_6013-2.wav,240826-120415_Audio,19,Placa_3mm,E7018,DC,Placa_3mm,E7018,DC,Placa_3mm,E7018,AC
audio/Placa_6mm/E6010/DC/240926-124937_Audio/240926-124937_6013-2.wav,240926-124937_Audio,0,Placa_6mm,E6010,DC,Placa_6mm,E6010,DC,Placa_12mm,E6010,DC
audio/Placa_6mm/E6010/DC/240926-124937_Audio/240926-124937_6013-2.wav,240926-124937_Audio,1,Placa_6mm,E6010,DC,Placa_6mm,E6010,DC,Placa_6mm,E6010,DC
audio/Placa_6mm/E6010/DC/240926-124937_Audio/240926-124937_6013-2.wav,240926-124937_Audio,2,Placa_6mm,E6010,DC,Placa_6mm,E6010,DC,Placa_6mm,E6010,DC
audio/Placa_6mm/E6010/DC/240926-124937_Audio/240926-124937_6013-2.wav,240926-124937_Audio,3,Placa_6mm,E6010,DC,Placa_6mm,E6010,DC,Placa_6mm,E6010,DC
audio/Placa_6mm/E6010/DC/240926-124937_Audio/240926-124937_6013-2.wav,240926-124937_Audio,4,Placa_6mm,E6010,DC,Placa_6mm,E6010,DC,Placa_6mm,E6010,DC
audio/Placa_6mm/E6010/DC/240926-124937_Audio/240926-124937_6013-2.wav,240926-124937_Audio,5,Placa_6mm,E6010,DC,Placa_6mm,E6010,DC,Placa_12mm,E6010,DC
audio/Placa_6mm/E6010/DC/240926-124937_Audio/240926-124937_6013-2.wav,240926-124937_Audio,6,Placa_6mm,E6010,DC,Placa_6mm,E6010,DC,Placa_12mm,E6010,DC
audio/Placa_6mm/E6010/DC/240926-124937_Audio/240926-124937_6013-2.wav,240926-124937_Audio,7,Placa_6mm,E6010,DC,Placa_6mm,E6010,DC,Placa_12mm,E6010,DC
audio/Placa_6mm/E6010/DC/240926-124937_Audio/240926-124937_6013-2.wav,240926-124937_Audio,8,Placa_6mm,E6010,DC,Placa_6mm,E6010,DC,Placa_12mm,E6010,DC
audio/Placa_6mm/E6010/DC/240926-124937_Audio/240926-124937_6013-2.wav,240926-124937_Audio,9,Placa_6mm,E6010,DC,Placa_6mm,E6010,DC,Placa_6mm,E6010,DC
audio/Placa_6mm/E6010/DC/240926-124937_Audio/240926-124937_6013-2.wav,240926-124937_Audio,10,Placa_6mm,E6010,DC,Placa_6mm,E6010,DC,Placa_6mm,E6010,DC
audio/Placa_6mm/E6010/DC/240926-124937_Audio/240926-124937_6013-2.wav,240926-124937_Audio,11,Placa_6mm,E6010,DC,Placa_6mm,E6010,DC,Placa_6mm,E6010,DC
audio/Placa_6mm/E6010/DC/240926-124937_Audio/240926-124937_6013-2.wav,240926-124937_Audio,12,Placa_6mm,E6010,DC,Placa_6mm,E6010,DC,Placa_6mm,E6010,DC
audio/Placa_6mm/E6010/DC/240926-124937_Audio/240926-124937_6013-2.wav,240926-124937_Audio,13,Placa_6mm,E6010,DC,Placa_6mm,E6010,DC,Placa_6mm,E6010,DC
audio/Placa_6mm/E6010/DC/240926-124937_Audio/240926-124937_6013-2.wav,240926-124937_Audio,14,Placa_6mm,E6010,DC,Placa_6mm,E6010,DC,Placa_6mm,E6010,DC
audio/Placa_6mm/E6010/DC/240926-124937_Audio/240926-124937_6013-2.wav,240926-124937_Audio,15,Placa_6mm,E6010,DC,Placa_6mm,E6010,DC,Placa_6mm,E6010,DC
audio/Placa_6mm/E6010/DC/240926-124937_Audio/240926-124937_6013-2.wav,240926-124937_Audio,16,Placa_6mm,E6010,DC,Placa_6mm,E6010,DC,Placa_12mm,E6010,DC
audio/Placa_6mm/E6010/DC/240926-124937_Audio/240926-124937_6013-2.wav,240926-124937_Audio,17,Placa_6mm,E6010,DC,Placa_6mm,E6010,DC,Placa_12mm,E6011,DC
audio/Placa_6mm/E6010/DC/240926-124937_Audio/240926-124937_6013-2.wav,240926-124937_Audio,18,Placa_6mm,E6010,DC,Placa_6mm,E6010,DC,Placa_6mm,E6010,DC
audio/Placa_6mm/E6010/DC/240926-124937_Audio/240926-124937_6013-2.wav,240926-124937_Audio,19,Placa_6mm,E6010,DC,Placa_6mm,E6010,DC,Placa_12mm,E6010,DC
audio/Placa_6mm/E6010/DC/240926-124937_Audio/240926-124937_6013-2.wav,240926-124937_Audio,20,Placa_6mm,E6010,DC,Placa_6mm,E6010,DC,Placa_12mm,E6010,DC
audio/Placa_6mm/E6010/DC/240926-124937_Audio/240926-124937_6013-2.wav,240926-124937_Audio,21,Placa_6mm,E6010,DC,Placa_6mm,E6010,DC,Placa_12mm,E6010,DC
audio/Placa_6mm/E6010/DC/240926-124937_Audio/240926-124937_6013-2.wav,240926-124937_Audio,22,Placa_6mm,E6010,DC,Placa_6mm,E6010,DC,Placa_6mm,E6010,DC
audio/Placa_6mm/E6010/DC/240926-130341_Audio/240926-130341_6013-2.wav,240926-130341_Audio,0,Placa_6mm,E6010,DC,Placa_6mm,E6010,DC,Placa_6mm,E6010,DC
audio/Placa_6mm/E6010/DC/240926-130341_Audio/240926-130341_6013-2.wav,240926-130341_Audio,1,Placa_6mm,E6010,DC,Placa_6mm,E6010,DC,Placa_6mm,E6010,DC
audio/Placa_6mm/E6010/DC/240926-130341_Audio/240926-130341_6013-2.wav,240926-130341_Audio,2,Placa_6mm,E6010,DC,Placa_6mm,E6010,DC,Placa_12mm,E6010,DC
audio/Placa_6mm/E6010/DC/240926-130341_Audio/240926-130341_6013-2.wav,240926-130341_Audio,3,Placa_6mm,E6010,DC,Placa_6mm,E6010,DC,Placa_12mm,E6010,DC
audio/Placa_6mm/E6010/DC/240926-130341_Audio/240926-130341_6013-2.wav,240926-130341_Audio,4,Placa_6mm,E6010,DC,Placa_6mm,E6010,DC,Placa_6mm,E6010,DC
audio/Placa_6mm/E6010/DC/240926-130341_Audio/240926-130341_6013-2.wav,240926-130341_Audio,5,Placa_6mm,E6010,DC,Placa_6mm,E6010,DC,Placa_6mm,E6011,DC
audio/Placa_6mm/E6010/DC/240926-130341_Audio/240926-130341_6013-2.wav,240926-130341_Audio,6,Placa_6mm,E6010,DC,Placa_6mm,E6010,DC,Placa_12mm,E6010,DC
audio/Placa_6mm/E6010/DC/240926-130341_Audio/240926-130341_6013-2.wav,240926-130341_Audio,7,Placa_6mm,E6010,DC,Placa_6mm,E6010,DC,Placa_12mm,E6011,DC
audio/Placa_6mm/E6010/DC/240926-130341_Audio/240926-130341_6013-2.wav,240926-130341_Audio,8,Placa_6mm,E6010,DC,Placa_6mm,E6010,DC,Placa_6mm,E6010,DC
audio/Placa_6mm/E6010/DC/240926-130341_Audio/240926-130341_6013-2.wav,240926-130341_Audio,9,Placa_6mm,E6010,DC,Placa_6mm,E6010,DC,Placa_6mm,E6010,DC
audio/Placa_6mm/E6010/DC/240926-130341_Audio/240926-130341_6013-2.wav,240926-130341_Audio,10,Placa_6mm,E6010,DC,Placa_6mm,E6010,DC,Placa_6mm,E6010,DC
audio/Placa_6mm/E6010/DC/240926-130341_Audio/240926-130341_6013-2.wav,240926-130341_Audio,11,Placa_6mm,E6010,DC,Placa_6mm,E6010,DC,Placa_6mm,E6010,DC
audio/Placa_6mm/E6010/DC/240926-130341_Audio/240926-130341_6013-2.wav,240926-130341_Audio,12,Placa_6mm,E6010,DC,Placa_6mm,E6010,DC,Placa_6mm,E6010,DC
audio/Placa_6mm/E6010/DC/240926-130341_Audio/240926-130341_6013-2.wav,240926-130341_Audio,13,Placa_6mm,E6010,DC,Placa_6mm,E6010,DC,Placa_6mm,E6010,DC
audio/Placa_6mm/E6010/DC/240926-130341_Audio/240926-130341_6013-2.wav,240926-130341_Audio,14,Placa_6mm,E6010,DC,Placa_6mm,E6010,DC,Placa_6mm,E6010,DC
audio/Placa_6mm/E6010/DC/240926-130341_Audio/240926-130341_6013-2.wav,240926-130341_Audio,15,Placa_6mm,E6010,DC,Placa_6mm,E6010,DC,Placa_6mm,E6010,DC
audio/Placa_6mm/E6011/AC/240905-154312_Audio/240905-154312_6013-2.wav,240905-154312_Audio,0,Placa_6mm,E6011,AC,Placa_6mm,E6011,AC,Placa_12mm,E6011,AC
audio/Placa_6mm/E6011/AC/240905-154312_Audio/240905-154312_6013-2.wav,240905-154312_Audio,1,Placa_6mm,E6011,AC,Placa_6mm,E6011,AC,Placa_6mm,E6011,AC
audio/Placa_6mm/E6011/AC/240905-154312_Audio/240905-154312_6013-2.wav,240905-154312_Audio,2,Placa_6mm,E6011,AC,Placa_6mm,E6011,AC,Placa_6mm,E6011,AC
audio/Placa_6mm/E6011/AC/240905-154312_Audio/240905-154312_6013-2.wav,240905-154312_Audio,3,Placa_6mm,E6011,AC,Placa_6mm,E6011,AC,Placa_6mm,E6011,AC
audio/Placa_6mm/E6011/AC/240905-154312_Audio/240905-154312_6013-2.wav,240905-154312_Audio,4,Placa_6mm,E6011,AC,Placa_6mm,E6011,AC,Placa_6mm,E6011,AC
audio/Placa_6mm/E6011/AC/240905-154312_Audio/240905-154312_6013-2.wav,240905-154312_Audio,5,Placa_6mm,E6011,AC,Placa_6mm,E6011,AC,Placa_6mm,E6011,AC
audio/Placa_6mm/E6011/AC/240905-154312_Audio/240905-154312_6013-2.wav,240905-154312_Audio,6,Placa_6mm,E6011,AC,Placa_6mm,E6011,AC,Placa_6mm,E6011,AC
audio/Placa_6mm/E6011/AC/240905-154312_Audio/240905-154312_6013-2.wav,240905-154312_Audio,7,Placa_6mm,E6011,AC,Placa_6mm,E6011,AC,Placa_6mm,E6011,AC
audio/Placa_6mm/E6011/AC/240905-154312_Audio/240905-154312_6013-2.wav,240905-154312_Audio,8,Placa_6mm,E6011,AC,Placa_6mm,E6011,AC,Placa_6mm,E6011,AC
audio/Placa_6mm/E6011/AC/240905-154312_Audio/240905-154312_6013-2.wav,240905-154312_Audio,9,Placa_6mm,E6011,AC,Placa_6mm,E6011,AC,Placa_6mm,E6011,AC
audio/Placa_6mm/E6011/AC/240905-154312_Audio/240905-154312_6013-2.wav,240905-154312_Audio,10,Placa_6mm,E6011,AC,Placa_6mm,E6011,AC,Placa_6mm,E6011,AC
audio/Placa_6mm/E6011/AC/240905-154312_Audio/240905-154312_6013-2.wav,240905-154312_Audio,11,Placa_6mm,E6011,AC,Placa_6mm,E6011,AC,Placa_6mm,E6011,AC
audio/Placa_6mm/E6011/AC/240905-154312_Audio/240905-154312_6013-2.wav,240905-154312_Audio,12,Placa_6mm,E6011,AC,Placa_6mm,E6011,AC,Placa_6mm,E6011,AC
audio/Placa_6mm/E6011/AC/240905-154312_Audio/240905-154312_6013-2.wav,240905-154312_Audio,13,Placa_6mm,E6011,AC,Placa_6mm,E6011,AC,Placa_12mm,E6011,AC
audio/Placa_6mm/E6011/AC/240905-154312_Audio/240905-154312_6013-2.wav,240905-154312_Audio,14,Placa_6mm,E6011,AC,Placa_6mm,E6011,AC,Placa_6mm,E6011,AC
audio/Placa_6mm/E6011/AC/240905-154312_Audio/240905-154312_6013-2.wav,240905-154312_Audio,15,Placa_6mm,E6011,AC,Placa_6mm,E6011,AC,Placa_6mm,E6011,AC
audio/Placa_6mm/E6011/AC/240905-154312_Audio/240905-154312_6013-2.wav,240905-154312_Audio,16,Placa_6mm,E6011,AC,Placa_6mm,E6011,AC,Placa_6mm,E6011,AC
audio/Placa_6mm/E6011/AC/240905-154312_Audio/240905-154312_6013-2.wav,240905-154312_Audio,17,Placa_6mm,E6011,AC,Placa_6mm,E6011,AC,Placa_12mm,E6011,AC
audio/Placa_6mm/E6011/AC/240905-154312_Audio/240905-154312_6013-2.wav,240905-154312_Audio,18,Placa_6mm,E6011,AC,Placa_6mm,E6011,AC,Placa_6mm,E6011,AC
audio/Placa_6mm/E6011/AC/240905-154312_Audio/240905-154312_6013-2.wav,240905-154312_Audio,19,Placa_6mm,E6011,AC,Placa_6mm,E6011,AC,Placa_3mm,E6011,AC
audio/Placa_6mm/E6011/AC/240905-154312_Audio/240905-154312_6013-2.wav,240905-154312_Audio,20,Placa_6mm,E6011,AC,Placa_6mm,E6011,AC,Placa_3mm,E6011,AC
audio/Placa_6mm/E6011/AC/240905-154312_Audio/240905-154312_6013-2.wav,240905-154312_Audio,21,Placa_6mm,E6011,AC,Placa_6mm,E6011,AC,Placa_6mm,E6011,AC
audio/Placa_6mm/E6011/AC/240905-154312_Audio/240905-154312_6013-2.wav,240905-154312_Audio,22,Placa_6mm,E6011,AC,Placa_6mm,E6011,AC,Placa_6mm,E6011,AC
audio/Placa_6mm/E6011/AC/240905-154312_Audio/240905-154312_6013-2.wav,240905-154312_Audio,23,Placa_6mm,E6011,AC,Placa_6mm,E6011,AC,Placa_6mm,E6011,AC
audio/Placa_6mm/E6011/AC/240905-154312_Audio/240905-154312_6013-2.wav,240905-154312_Audio,24,Placa_6mm,E6011,AC,Placa_6mm,E6011,AC,Placa_12mm,E6011,AC
audio/Placa_6mm/E6011/AC/240905-154312_Audio/240905-154312_6013-2.wav,240905-154312_Audio,25,Placa_6mm,E6011,AC,Placa_6mm,E6011,AC,Placa_6mm,E6011,AC
audio/Placa_6mm/E6011/AC/240905-154312_Audio/240905-154312_6013-2.wav,240905-154312_Audio,26,Placa_6mm,E6011,AC,Placa_6mm,E6011,AC,Placa_6mm,E6011,AC
audio/Placa_6mm/E6011/AC/240909-112906_Audio/240909-112906_6013-2.wav,240909-112906_Audio,0,Placa_6mm,E6011,AC,Placa_6mm,E6011,AC,Placa_6mm,E6011,AC
audio/Placa_6mm/E6011/AC/240909-112906_Audio/240909-112906_6013-2.wav,240909-112906_Audio,1,Placa_6mm,E6011,AC,Placa_6mm,E6011,AC,Placa_12mm,E6010,AC
audio/Placa_6mm/E6011/AC/240909-112906_Audio/240909-112906_6013-2.wav,240909-112906_Audio,2,Placa_6mm,E6011,AC,Placa_6mm,E6011,AC,Placa_6mm,E6011,AC
audio/Placa_6mm/E6011/AC/240909-112906_Audio/240909-112906_6013-2.wav,240909-112906_Audio,3,Placa_6mm,E6011,AC,Placa_6mm,E6011,AC,Placa_6mm,E6010,DC
audio/Placa_6mm/E6011/AC/240909-112906_Audio/240909-112906_6013-2.wav,240909-112906_Audio,4,Placa_6mm,E6011,AC,Placa_6mm,E6011,AC,Placa_12mm,E6010,AC
audio/Placa_6mm/E6011/AC/240909-112906_Audio/240909-112906_6013-2.wav,240909-112906_Audio,5,Placa_6mm,E6011,AC,Placa_6mm,E6011,AC,Placa_6mm,E6011,AC
audio/Placa_6mm/E6011/AC/240909-112906_Audio/240909-112906_6013-2.wav,240909-112906_Audio,6,Placa_6mm,E6011,AC,Placa_6mm,E6011,AC,Placa_6mm,E6011,AC
audio/Placa_6mm/E6011/AC/240909-112906_Audio/240909-112906_6013-2.wav,240909-112906_Audio,7,Placa_6mm,E6011,AC,Placa_6mm,E6011,AC,Placa_6mm,E6011,AC
audio/Placa_6mm/E6011/AC/240909-112906_Audio/240909-112906_6013-2.wav,240909-112906_Audio,8,Placa_6mm,E6011,AC,Placa_6mm,E6011,AC,Placa_6mm,E6011,AC
audio/Placa_6mm/E6011/AC/240909-112906_Audio/240909-112906_6013-2.wav,240909-112906_Audio,9,Placa_6mm,E6011,AC,Placa_6mm,E6011,AC,Placa_12mm,E6011,AC
audio/Placa_6mm/E6011/AC/240909-112906_Audio/240909-112906_6013-2.wav,240909-112906_Audio,10,Placa_6mm,E6011,AC,Placa_6mm,E6011,AC,Placa_6mm,E6011,AC
audio/Placa_6mm/E6011/AC/240909-112906_Audio/240909-112906_6013-2.wav,240909-112906_Audio,11,Placa_6mm,E6011,AC,Placa_6mm,E6011,AC,Placa_6mm,E6011,AC
audio/Placa_6mm/E6011/AC/240909-112906_Audio/240909-112906_6013-2.wav,240909-112906_Audio,12,Placa_6mm,E6011,AC,Placa_6mm,E6011,AC,Placa_6mm,E6011,AC
audio/Placa_6mm/E6011/AC/240909-112906_Audio/240909-112906_6013-2.wav,240909-112906_Audio,13,Placa_6mm,E6011,AC,Placa_6mm,E6011,AC,Placa_6mm,E6011,AC
audio/Placa_6mm/E6011/AC/240909-112906_Audio/240909-112906_6013-2.wav,240909-112906_Audio,14,Placa_6mm,E6011,AC,Placa_6mm,E6011,AC,Placa_6mm,E6011,AC
audio/Placa_6mm/E6011/AC/240909-112906_Audio/240909-112906_6013-2.wav,240909-112906_Audio,15,Placa_6mm,E6011,AC,Placa_6mm,E6011,AC,Placa_6mm,E6011,AC
audio/Placa_6mm/E6011/AC/240909-112906_Audio/240909-112906_6013-2.wav,240909-112906_Audio,16,Placa_6mm,E6011,AC,Placa_6mm,E6011,AC,Placa_12mm,E6011,AC
audio/Placa_6mm/E6011/AC/240909-112906_Audio/240909-112906_6013-2.wav,240909-112906_Audio,17,Placa_6mm,E6011,AC,Placa_6mm,E6011,AC,Placa_12mm,E6011,AC
audio/Placa_6mm/E6011/AC/240909-112906_Audio/240909-112906_6013-2.wav,240909-112906_Audio,18,Placa_6mm,E6011,AC,Placa_6mm,E6011,AC,Placa_12mm,E6011,AC
audio/Placa_6mm/E6011/AC/240909-112906_Audio/240909-112906_6013-2.wav,240909-112906_Audio,19,Placa_6mm,E6011,AC,Placa_6mm,E6011,AC,Placa_6mm,E6011,AC
audio/Placa_6mm/E6011/AC/240909-112906_Audio/240909-112906_6013-2.wav,240909-112906_Audio,20,Placa_6mm,E6011,AC,Placa_6mm,E6011,AC,Placa_12mm,E6011,AC
audio/Placa_6mm/E6011/AC/240909-112906_Audio/240909-112906_6013-2.wav,240909-112906_Audio,21,Placa_6mm,E6011,AC,Placa_6mm,E6011,AC,Placa_6mm,E6011,AC
audio/Placa_6mm/E6011/AC/240909-112906_Audio/240909-112906_6013-2.wav,240909-112906_Audio,22,Placa_6mm,E6011,AC,Placa_6mm,E6011,AC,Placa_6mm,E6011,AC
audio/Placa_6mm/E6011/AC/240909-112906_Audio/240909-112906_6013-2.wav,240909-112906_Audio,23,Placa_6mm,E6011,AC,Placa_6mm,E6011,AC,Placa_6mm,E6011,AC
audio/Placa_6mm/E6011/AC/240909-112906_Audio/240909-112906_6013-2.wav,240909-112906_Audio,24,Placa_6mm,E6011,AC,Placa_6mm,E6011,AC,Placa_6mm,E6011,AC
audio/Placa_6mm/E6011/AC/240909-112906_Audio/240909-112906_6013-2.wav,240909-112906_Audio,25,Placa_6mm,E6011,AC,Placa_6mm,E6011,AC,Placa_6mm,E6011,AC
audio/Placa_6mm/E6011/AC/240909-112906_Audio/240909-112906_6013-2.wav,240909-112906_Audio,26,Placa_6mm,E6011,AC,Placa_6mm,E6011,AC,Placa_12mm,E6011,AC
audio/Placa_6mm/E6011/AC/240909-112906_Audio/240909-112906_6013-2.wav,240909-112906_Audio,27,Placa_6mm,E6011,AC,Placa_6mm,E6011,AC,Placa_12mm,E6011,AC
audio/Placa_6mm/E6011/AC/240909-112906_Audio/240909-112906_6013-2.wav,240909-112906_Audio,28,Placa_6mm,E6011,AC,Placa_6mm,E6011,AC,Placa_6mm,E6011,AC
audio/Placa_6mm/E6011/AC/240909-112906_Audio/240909-112906_6013-2.wav,240909-112906_Audio,29,Placa_6mm,E6011,AC,Placa_6mm,E6011,AC,Placa_6mm,E6011,AC
audio/Placa_6mm/E6011/AC/240909-112906_Audio/240909-112906_6013-2.wav,240909-112906_Audio,30,Placa_6mm,E6011,AC,Placa_6mm,E6011,AC,Placa_12mm,E6011,AC
audio/Placa_6mm/E6011/DC/240905-140946_Audio/240905-140946_6013-2.wav,240905-140946_Audio,0,Placa_6mm,E6011,DC,Placa_6mm,E6011,DC,Placa_12mm,E6011,AC
audio/Placa_6mm/E6011/DC/240905-140946_Audio/240905-140946_6013-2.wav,240905-140946_Audio,1,Placa_6mm,E6011,DC,Placa_6mm,E6011,DC,Placa_6mm,E6011,DC
audio/Placa_6mm/E6011/DC/240905-140946_Audio/240905-140946_6013-2.wav,240905-140946_Audio,2,Placa_6mm,E6011,DC,Placa_6mm,E6011,DC,Placa_6mm,E6011,DC
audio/Placa_6mm/E6011/DC/240905-140946_Audio/240905-140946_6013-2.wav,240905-140946_Audio,3,Placa_6mm,E6011,DC,Placa_6mm,E6011,DC,Placa_6mm,E6011,DC
audio/Placa_6mm/E6011/DC/240905-140946_Audio/240905-140946_6013-2.wav,240905-140946_Audio,4,Placa_6mm,E6011,DC,Placa_6mm,E6011,DC,Placa_6mm,E6011,DC
audio/Placa_6mm/E6011/DC/240905-140946_Audio/240905-140946_6013-2.wav,240905-140946_Audio,5,Placa_6mm,E6011,DC,Placa_6mm,E6011,DC,Placa_12mm,E6011,DC
audio/Placa_6mm/E6011/DC/240905-140946_Audio/240905-140946_6013-2.wav,240905-140946_Audio,6,Placa_6mm,E6011,DC,Placa_6mm,E6011,DC,Placa_6mm,E6011,DC
audio/Placa_6mm/E6011/DC/240905-140946_Audio/240905-140946_6013-2.wav,240905-140946_Audio,7,Placa_6mm,E6011,DC,Placa_6mm,E6011,DC,Placa_6mm,E6011,DC
audio/Placa_6mm/E6011/DC/240905-140946_Audio/240905-140946_6013-2.wav,240905-140946_Audio,8,Placa_6mm,E6011,DC,Placa_6mm,E6011,DC,Placa_6mm,E6011,DC
audio/Placa_6mm/E6011/DC/240905-140946_Audio/240905-140946_6013-2.wav,240905-140946_Audio,9,Placa_6mm,E6011,DC,Placa_6mm,E6011,DC,Placa_6mm,E6011,DC
audio/Placa_6mm/E6011/DC/240905-140946_Audio/240905-140946_6013-2.wav,240905-140946_Audio,10,Placa_6mm,E6011,DC,Placa_6mm,E6011,DC,Placa_6mm,E6011,DC
audio/Placa_6mm/E6011/DC/240905-140946_Audio/240905-140946_6013-2.wav,240905-140946_Audio,11,Placa_6mm,E6011,DC,Placa_6mm,E6011,DC,Placa_6mm,E6011,DC
audio/Placa_6mm/E6011/DC/240905-140946_Audio/240905-140946_6013-2.wav,240905-140946_Audio,12,Placa_6mm,E6011,DC,Placa_6mm,E6011,DC,Placa_6mm,E6010,DC
audio/Placa_6mm/E6011/DC/240905-140946_Audio/240905-140946_6013-2.wav,240905-140946_Audio,13,Placa_6mm,E6011,DC,Placa_6mm,E6011,DC,Placa_6mm,E6011,DC
audio/Placa_6mm/E6011/DC/240905-140946_Audio/240905-140946_6013-2.wav,240905-140946_Audio,14,Placa_6mm,E6011,DC,Placa_6mm,E6011,DC,Placa_6mm,E6011,DC
audio/Placa_6mm/E6011/DC/240905-140946_Audio/240905-140946_6013-2.wav,240905-140946_Audio,15,Placa_6mm,E6011,DC,Placa_6mm,E6011,DC,Placa_6mm,E6011,DC
audio/Placa_6mm/E6011/DC/240905-140946_Audio/240905-140946_6013-2.wav,240905-140946_Audio,16,Placa_6mm,E6011,DC,Placa_6mm,E6011,DC,Placa_6mm,E6010,DC
audio/Placa_6mm/E6011/DC/240905-140946_Audio/240905-140946_6013-2.wav,240905-140946_Audio,17,Placa_6mm,E6011,DC,Placa_6mm,E6011,DC,Placa_12mm,E6010,DC
audio/Placa_6mm/E6011/DC/240905-140946_Audio/240905-140946_6013-2.wav,240905-140946_Audio,18,Placa_6mm,E6011,DC,Placa_6mm,E6011,DC,Placa_12mm,E6010,DC
audio/Placa_6mm/E6011/DC/240905-140946_Audio/240905-140946_6013-2.wav,240905-140946_Audio,19,Placa_6mm,E6011,DC,Placa_6mm,E6011,DC,Placa_6mm,E6010,DC
audio/Placa_6mm/E6011/DC/240905-140946_Audio/240905-140946_6013-2.wav,240905-140946_Audio,20,Placa_6mm,E6011,DC,Placa_6mm,E6011,DC,Placa_12mm,E6013,AC
audio/Placa_6mm/E6011/DC/240905-140946_Audio/240905-140946_6013-2.wav,240905-140946_Audio,21,Placa_6mm,E6011,DC,Placa_6mm,E6011,DC,Placa_6mm,E6011,DC
audio/Placa_6mm/E6011/DC/240905-140946_Audio/240905-140946_6013-2.wav,240905-140946_Audio,22,Placa_6mm,E6011,DC,Placa_6mm,E6011,DC,Placa_6mm,E6011,DC
audio/Placa_6mm/E6011/DC/240905-140946_Audio/240905-140946_6013-2.wav,240905-140946_Audio,23,Placa_6mm,E6011,DC,Placa_6mm,E6011,DC,Placa_6mm,E6011,DC
audio/Placa_6mm/E6011/DC/240905-141239_Audio/240905-141239_6013-2.wav,240905-141239_Audio,0,Placa_6mm,E6011,DC,Placa_6mm,E6011,DC,Placa_12mm,E6011,DC
audio/Placa_6mm/E6011/DC/240905-141239_Audio/240905-141239_6013-2.wav,240905-141239_Audio,1,Placa_6mm,E6011,DC,Placa_6mm,E6011,DC,Placa_6mm,E6011,DC
audio/Placa_6mm/E6011/DC/240905-141239_Audio/240905-141239_6013-2.wav,240905-141239_Audio,2,Placa_6mm,E6011,DC,Placa_6mm,E6011,DC,Placa_6mm,E6011,DC
audio/Placa_6mm/E6011/DC/240905-141239_Audio/240905-141239_6013-2.wav,240905-141239_Audio,3,Placa_6mm,E6011,DC,Placa_6mm,E6011,DC,Placa_12mm,E6011,DC
audio/Placa_6mm/E6011/DC/240905-141239_Audio/240905-141239_6013-2.wav,240905-141239_Audio,4,Placa_6mm,E6011,DC,Placa_6mm,E6011,DC,Placa_6mm,E6011,DC
audio/Placa_6mm/E6011/DC/240905-141239_Audio/240905-141239_6013-2.wav,240905-141239_Audio,5,Placa_6mm,E6011,DC,Placa_6mm,E6011,DC,Placa_6mm,E6011,DC
audio/Placa_6mm/E6011/DC/240905-141239_Audio/240905-141239_6013-2.wav,240905-141239_Audio,6,Placa_6mm,E6011,DC,Placa_6mm,E6011,DC,Placa_6mm,E6011,DC
audio/Placa_6mm/E6011/DC/240905-141239_Audio/240905-141239_6013-2.wav,240905-141239_Audio,7,Placa_6mm,E6011,DC,Placa_6mm,E6011,DC,Placa_6mm,E6011,DC
audio/Placa_6mm/E6011/DC/240905-141239_Audio/240905-141239_6013-2.wav,240905-141239_Audio,8,Placa_6mm,E6011,DC,Placa_6mm,E6011,DC,Placa_6mm,E6011,DC
audio/Placa_6mm/E6011/DC/240905-141239_Audio/240905-141239_6013-2.wav,240905-141239_Audio,9,Placa_6mm,E6011,DC,Placa_6mm,E6011,DC,Placa_6mm,E6011,DC
audio/Placa_6mm/E6011/DC/240905-141239_Audio/240905-141239_6013-2.wav,240905-141239_Audio,10,Placa_6mm,E6011,DC,Placa_6mm,E6011,DC,Placa_6mm,E6011,DC
audio/Placa_6mm/E6011/DC/240905-141239_Audio/240905-141239_6013-2.wav,240905-141239_Audio,11,Placa_6mm,E6011,DC,Placa_6mm,E6011,DC,Placa_6mm,E6011,DC
audio/Placa_6mm/E6011/DC/240905-141239_Audio/240905-141239_6013-2.wav,240905-141239_Audio,12,Placa_6mm,E6011,DC,Placa_6mm,E6011,DC,Placa_12mm,E6011,DC
audio/Placa_6mm/E6011/DC/240905-141239_Audio/240905-141239_6013-2.wav,240905-141239_Audio,13,Placa_6mm,E6011,DC,Placa_6mm,E6011,DC,Placa_6mm,E6011,DC
audio/Placa_6mm/E6011/DC/240905-141239_Audio/240905-141239_6013-2.wav,240905-141239_Audio,14,Placa_6mm,E6011,DC,Placa_6mm,E6011,DC,Placa_12mm,E6011,DC
audio/Placa_6mm/E6011/DC/240905-141239_Audio/240905-141239_6013-2.wav,240905-141239_Audio,15,Placa_6mm,E6011,DC,Placa_6mm,E6011,DC,Placa_6mm,E6011,DC
audio/Placa_6mm/E6011/DC/240905-141239_Audio/240905-141239_6013-2.wav,240905-141239_Audio,16,Placa_6mm,E6011,DC,Placa_6mm,E6011,DC,Placa_6mm,E6011,DC
audio/Placa_6mm/E6011/DC/240905-141239_Audio/240905-141239_6013-2.wav,240905-141239_Audio,17,Placa_6mm,E6011,DC,Placa_6mm,E6011,DC,Placa_6mm,E6011,DC
audio/Placa_6mm/E6011/DC/240905-141239_Audio/240905-141239_6013-2.wav,240905-141239_Audio,18,Placa_6mm,E6011,DC,Placa_6mm,E6011,DC,Placa_6mm,E6011,DC
audio/Placa_6mm/E6011/DC/240905-141239_Audio/240905-141239_6013-2.wav,240905-141239_Audio,19,Placa_6mm,E6011,DC,Placa_6mm,E6011,DC,Placa_6mm,E6011,DC
audio/Placa_6mm/E6011/DC/240905-141239_Audio/240905-141239_6013-2.wav,240905-141239_Audio,20,Placa_6mm,E6011,DC,Placa_6mm,E6011,DC,Placa_6mm,E6011,DC
audio/Placa_6mm/E6011/DC/240905-141239_Audio/240905-141239_6013-2.wav,240905-141239_Audio,21,Placa_6mm,E6011,DC,Placa_6mm,E6011,DC,Placa_6mm,E6011,DC
audio/Placa_6mm/E6013/AC/240923-130247_Audio/240923-130247_6013-2.wav,240923-130247_Audio,0,Placa_6mm,E6013,AC,Placa_6mm,E6013,AC,Placa_6mm,E6011,AC
audio/Placa_6mm/E6013/AC/240923-130247_Audio/240923-130247_6013-2.wav,240923-130247_Audio,1,Placa_6mm,E6013,AC,Placa_6mm,E6013,AC,Placa_6mm,E6013,AC
audio/Placa_6mm/E6013/AC/240923-130247_Audio/240923-130247_6013-2.wav,240923-130247_Audio,2,Placa_6mm,E6013,AC,Placa_6mm,E6013,AC,Placa_6mm,E6010,AC
audio/Placa_6mm/E6013/AC/240923-130247_Audio/240923-130247_6013-2.wav,240923-130247_Audio,3,Placa_6mm,E6013,AC,Placa_6mm,E6013,AC,Placa_6mm,E6013,AC
audio/Placa_6mm/E6013/AC/240923-130247_Audio/240923-130247_6013-2.wav,240923-130247_Audio,4,Placa_6mm,E6013,AC,Placa_6mm,E6013,AC,Placa_12mm,E6013,AC
audio/Placa_6mm/E6013/AC/240923-130247_Audio/240923-130247_6013-2.wav,240923-130247_Audio,5,Placa_6mm,E6013,AC,Placa_6mm,E6013,AC,Placa_12mm,E6013,AC
audio/Placa_6mm/E6013/AC/240923-130247_Audio/240923-130247_6013-2.wav,240923-130247_Audio,6,Placa_6mm,E6013,AC,Placa_6mm,E6013,AC,Placa_12mm,E6013,AC
audio/Placa_6mm/E6013/AC/240923-130247_Audio/240923-130247_6013-2.wav,240923-130247_Audio,7,Placa_6mm,E6013,AC,Placa_6mm,E6013,AC,Placa_12mm,E6013,AC
audio/Placa_6mm/E6013/AC/240923-130247_Audio/240923-130247_6013-2.wav,240923-130247_Audio,8,Placa_6mm,E6013,AC,Placa_6mm,E6013,AC,Placa_12mm,E6013,AC
audio/Placa_6mm/E6013/AC/240923-130247_Audio/240923-130247_6013-2.wav,240923-130247_Audio,9,Placa_6mm,E6013,AC,Placa_6mm,E6013,AC,Placa_6mm,E6013,AC
audio/Placa_6mm/E6013/AC/240923-130247_Audio/240923-130247_6013-2.wav,240923-130247_Audio,10,Placa_6mm,E6013,AC,Placa_6mm,E6013,AC,Placa_6mm,E6013,AC
audio/Placa_6mm/E6013/AC/240923-130247_Audio/240923-130247_6013-2.wav,240923-130247_Audio,11,Placa_6mm,E6013,AC,Placa_6mm,E6013,AC,Placa_6mm,E6013,AC
audio/Placa_6mm/E6013/AC/240923-130247_Audio/240923-130247_6013-2.wav,240923-130247_Audio,12,Placa_6mm,E6013,AC,Placa_6mm,E6013,AC,Placa_12mm,E6013,AC
audio/Placa_6mm/E6013/AC/240923-130247_Audio/240923-130247_6013-2.wav,240923-130247_Audio,13,Placa_6mm,E6013,AC,Placa_6mm,E6013,AC,Placa_12mm,E6013,AC
audio/Placa_6mm/E6013/AC/240923-130247_Audio/240923-130247_6013-2.wav,240923-130247_Audio,14,Placa_6mm,E6013,AC,Placa_6mm,E6013,AC,Placa_6mm,E6013,AC
audio/Placa_6mm/E6013/AC/240923-130247_Audio/240923-130247_6013-2.wav,240923-130247_Audio,15,Placa_6mm,E6013,AC,Placa_6mm,E6013,AC,Placa_12mm,E6013,AC
audio/Placa_6mm/E6013/AC/240923-130247_Audio/240923-130247_6013-2.wav,240923-130247_Audio,16,Placa_6mm,E6013,AC,Placa_6mm,E6013,AC,Placa_6mm,E6013,AC
audio/Placa_6mm/E6013/AC/240923-130247_Audio/240923-130247_6013-2.wav,240923-130247_Audio,17,Placa_6mm,E6013,AC,Placa_6mm,E6013,AC,Placa_12mm,E6013,AC
audio/Placa_6mm/E6013/AC/240923-130247_Audio/240923-130247_6013-2.wav,240923-130247_Audio,18,Placa_6mm,E6013,AC,Placa_6mm,E6013,AC,Placa_12mm,E6013,AC
audio/Placa_6mm/E6013/AC/240923-130247_Audio/240923-130247_6013-2.wav,240923-130247_Audio,19,Placa_6mm,E6013,AC,Placa_6mm,E6013,AC,Placa_6mm,E6013,AC
audio/Placa_6mm/E6013/AC/240923-130247_Audio/240923-130247_6013-2.wav,240923-130247_Audio,20,Placa_6mm,E6013,AC,Placa_6mm,E6013,AC,Placa_12mm,E6013,AC
audio/Placa_6mm/E6013/AC/240923-130247_Audio/240923-130247_6013-2.wav,240923-130247_Audio,21,Placa_6mm,E6013,AC,Placa_6mm,E6013,AC,Placa_12mm,E6013,AC
audio/Placa_6mm/E6013/AC/240923-130247_Audio/240923-130247_6013-2.wav,240923-130247_Audio,22,Placa_6mm,E6013,AC,Placa_6mm,E6013,AC,Placa_6mm,E6013,AC
audio/Placa_6mm/E6013/AC/240923-130247_Audio/240923-130247_6013-2.wav,240923-130247_Audio,23,Placa_6mm,E6013,AC,Placa_6mm,E6013,AC,Placa_12mm,E6013,AC
audio/Placa_6mm/E6013/AC/240923-130247_Audio/240923-130247_6013-2.wav,240923-130247_Audio,24,Placa_6mm,E6013,AC,Placa_6mm,E6013,AC,Placa_12mm,E6013,AC
audio/Placa_6mm/E6013/AC/240923-133958_Audio/240923-133958_6013-2.wav,240923-133958_Audio,0,Placa_6mm,E6013,AC,Placa_6mm,E6013,AC,Placa_12mm,E6011,AC
audio/Placa_6mm/E6013/AC/240923-133958_Audio/240923-133958_6013-2.wav,240923-133958_Audio,1,Placa_6mm,E6013,AC,Placa_6mm,E6013,AC,Placa_12mm,E6011,AC
audio/Placa_6mm/E6013/AC/240923-133958_Audio/240923-133958_6013-2.wav,240923-133958_Audio,2,Placa_6mm,E6013,AC,Placa_6mm,E6013,AC,Placa_12mm,E6013,AC
audio/Placa_6mm/E6013/AC/240923-133958_Audio/240923-133958_6013-2.wav,240923-133958_Audio,3,Placa_6mm,E6013,AC,Placa_6mm,E6013,AC,Placa_12mm,E6013,AC
audio/Placa_6mm/E6013/AC/240923-133958_Audio/240923-133958_6013-2.wav,240923-133958_Audio,4,Placa_6mm,E6013,AC,Placa_6mm,E6013,AC,Placa_6mm,E6013,AC
audio/Placa_6mm/E6013/AC/240923-133958_Audio/240923-133958_6013-2.wav,240923-133958_Audio,5,Placa_6mm,E6013,AC,Placa_6mm,E6013,AC,Placa_6mm,E6013,AC
audio/Placa_6mm/E6013/AC/240923-133958_Audio/240923-133958_6013-2.wav,240923-133958_Audio,6,Placa_6mm,E6013,AC,Placa_6mm,E6013,AC,Placa_6mm,E6013,AC
audio/Placa_6mm/E6013/AC/240923-133958_Audio/240923-133958_6013-2.wav,240923-133958_Audio,7,Placa_6mm,E6013,AC,Placa_6mm,E6013,AC,Placa_6mm,E6013,AC
audio/Placa_6mm/E6013/AC/240923-133958_Audio/240923-133958_6013-2.wav,240923-133958_Audio,8,Placa_6mm,E6013,AC,Placa_6mm,E6013,AC,Placa_6mm,E6013,AC
audio/Placa_6mm/E6013/AC/240923-133958_Audio/240923-133958_6013-2.wav,240923-133958_Audio,9,Placa_6mm,E6013,AC,Placa_6mm,E6013,AC,Placa_6mm,E6013,AC
audio/Placa_6mm/E6013/AC/240923-133958_Audio/240923-133958_6013-2.wav,240923-133958_Audio,10,Placa_6mm,E6013,AC,Placa_6mm,E6013,AC,Placa_6mm,E6013,AC
audio/Placa_6mm/E6013/AC/240923-133958_Audio/240923-133958_6013-2.wav,240923-133958_Audio,11,Placa_6mm,E6013,AC,Placa_6mm,E6013,AC,Placa_6mm,E6013,AC
audio/Placa_6mm/E6013/AC/240923-133958_Audio/240923-133958_6013-2.wav,240923-133958_Audio,12,Placa_6mm,E6013,AC,Placa_6mm,E6013,AC,Placa_12mm,E6013,AC
audio/Placa_6mm/E6013/AC/240923-133958_Audio/240923-133958_6013-2.wav,240923-133958_Audio,13,Placa_6mm,E6013,AC,Placa_6mm,E6013,AC,Placa_6mm,E6013,AC
audio/Placa_6mm/E6013/AC/240923-133958_Audio/240923-133958_6013-2.wav,240923-133958_Audio,14,Placa_6mm,E6013,AC,Placa_6mm,E6013,AC,Placa_6mm,E6013,AC
audio/Placa_6mm/E6013/AC/240923-133958_Audio/240923-133958_6013-2.wav,240923-133958_Audio,15,Placa_6mm,E6013,AC,Placa_6mm,E6013,AC,Placa_6mm,E6013,AC
audio/Placa_6mm/E6013/AC/240923-133958_Audio/240923-133958_6013-2.wav,240923-133958_Audio,16,Placa_6mm,E6013,AC,Placa_6mm,E6013,AC,Placa_6mm,E6013,AC
audio/Placa_6mm/E6013/AC/240923-133958_Audio/240923-133958_6013-2.wav,240923-133958_Audio,17,Placa_6mm,E6013,AC,Placa_6mm,E6013,AC,Placa_12mm,E6013,AC
audio/Placa_6mm/E6013/AC/240923-133958_Audio/240923-133958_6013-2.wav,240923-133958_Audio,18,Placa_6mm,E6013,AC,Placa_6mm,E6013,AC,Placa_6mm,E6013,AC
audio/Placa_6mm/E6013/AC/240923-133958_Audio/240923-133958_6013-2.wav,240923-133958_Audio,19,Placa_6mm,E6013,AC,Placa_6mm,E6013,AC,Placa_6mm,E6013,AC
audio/Placa_6mm/E6013/AC/240923-133958_Audio/240923-133958_6013-2.wav,240923-133958_Audio,20,Placa_6mm,E6013,AC,Placa_6mm,E6013,AC,Placa_6mm,E6013,AC
audio/Placa_6mm/E6013/AC/240923-133958_Audio/240923-133958_6013-2.wav,240923-133958_Audio,21,Placa_6mm,E6013,AC,Placa_6mm,E6013,AC,Placa_12mm,E6013,AC
audio/Placa_6mm/E6013/AC/240923-133958_Audio/240923-133958_6013-2.wav,240923-133958_Audio,22,Placa_6mm,E6013,AC,Placa_6mm,E6013,AC,Placa_12mm,E6013,AC
audio/Placa_6mm/E6013/AC/240923-133958_Audio/240923-133958_6013-2.wav,240923-133958_Audio,23,Placa_6mm,E6013,AC,Placa_6mm,E6013,AC,Placa_12mm,E6013,AC
audio/Placa_6mm/E6013/AC/240923-133958_Audio/240923-133958_6013-2.wav,240923-133958_Audio,24,Placa_6mm,E6013,AC,Placa_6mm,E6013,AC,Placa_12mm,E6013,AC
audio/Placa_6mm/E6013/DC/240912-141457_Audio/240912-141457_6013-2.wav,240912-141457_Audio,0,Placa_6mm,E6013,DC,Placa_6mm,E6013,DC,Placa_3mm,E6013,DC
audio/Placa_6mm/E6013/DC/240912-141457_Audio/240912-141457_6013-2.wav,240912-141457_Audio,1,Placa_6mm,E6013,DC,Placa_6mm,E6013,DC,Placa_12mm,E6013,DC
audio/Placa_6mm/E6013/DC/240912-141457_Audio/240912-141457_6013-2.wav,240912-141457_Audio,2,Placa_6mm,E6013,DC,Placa_6mm,E6013,DC,Placa_6mm,E6013,DC
audio/Placa_6mm/E6013/DC/240912-141457_Audio/240912-141457_6013-2.wav,240912-141457_Audio,3,Placa_6mm,E6013,DC,Placa_6mm,E6013,DC,Placa_6mm,E6013,DC
audio/Placa_6mm/E6013/DC/240912-141457_Audio/240912-141457_6013-2.wav,240912-141457_Audio,4,Placa_6mm,E6013,DC,Placa_6mm,E6013,DC,Placa_6mm,E6013,DC
audio/Placa_6mm/E6013/DC/240912-141457_Audio/240912-141457_6013-2.wav,240912-141457_Audio,5,Placa_6mm,E6013,DC,Placa_6mm,E6013,DC,Placa_6mm,E6013,DC
audio/Placa_6mm/E6013/DC/240912-141457_Audio/240912-141457_6013-2.wav,240912-141457_Audio,6,Placa_6mm,E6013,DC,Placa_6mm,E6013,DC,Placa_6mm,E6013,DC
audio/Placa_6mm/E6013/DC/240912-141457_Audio/240912-141457_6013-2.wav,240912-141457_Audio,7,Placa_6mm,E6013,DC,Placa_6mm,E6013,DC,Placa_6mm,E6013,DC
audio/Placa_6mm/E6013/DC/240912-141457_Audio/240912-141457_6013-2.wav,240912-141457_Audio,8,Placa_6mm,E6013,DC,Placa_6mm,E6013,DC,Placa_6mm,E6013,DC
audio/Placa_6mm/E6013/DC/240912-141457_Audio/240912-141457_6013-2.wav,240912-141457_Audio,9,Placa_6mm,E6013,DC,Placa_6mm,E6013,DC,Placa_6mm,E6013,DC
audio/Placa_6mm/E6013/DC/240912-141457_Audio/240912-141457_6013-2.wav,240912-141457_Audio,10,Placa_6mm,E6013,DC,Placa_6mm,E6013,DC,Placa_6mm,E6013,DC
audio/Placa_6mm/E6013/DC/240912-141457_Audio/240912-141457_6013-2.wav,240912-141457_Audio,11,Placa_6mm,E6013,DC,Placa_6mm,E6013,DC,Placa_12mm,E6011,DC
audio/Placa_6mm/E6013/DC/240912-141457_Audio/240912-141457_6013-2.wav,240912-141457_Audio,12,Placa_6mm,E6013,DC,Placa_6mm,E6013,DC,Placa_12mm,E6011,DC
audio/Placa_6mm/E6013/DC/240912-141457_Audio/240912-141457_6013-2.wav,240912-141457_Audio,13,Placa_6mm,E6013,DC,Placa_6mm,E6013,DC,Placa_6mm,E6013,DC
audio/Placa_6mm/E6013/DC/240912-141457_Audio/240912-141457_6013-2.wav,240912-141457_Audio,14,Placa_6mm,E6013,DC,Placa_6mm,E6013,DC,Placa_6mm,E6011,DC
audio/Placa_6mm/E6013/DC/240912-141457_Audio/240912-141457_6013-2.wav,240912-141457_Audio,15,Placa_6mm,E6013,DC,Placa_6mm,E6013,DC,Placa_3mm,E7018,DC
audio/Placa_6mm/E6013/DC/240912-141653_Audio/240912-141653_6013-2.wav,240912-141653_Audio,0,Placa_6mm,E6013,DC,Placa_6mm,E6013,DC,Placa_12mm,E7018,DC
audio/Placa_6mm/E6013/DC/240912-141653_Audio/240912-141653_6013-2.wav,240912-141653_Audio,1,Placa_6mm,E6013,DC,Placa_6mm,E6013,DC,Placa_12mm,E6013,DC
audio/Placa_6mm/E6013/DC/240912-141653_Audio/240912-141653_6013-2.wav,240912-141653_Audio,2,Placa_6mm,E6013,DC,Placa_6mm,E6013,DC,Placa_6mm,E6013,DC
audio/Placa_6mm/E6013/DC/240912-141653_Audio/240912-141653_6013-2.wav,240912-141653_Audio,3,Placa_6mm,E6013,DC,Placa_6mm,E6013,DC,Placa_6mm,E6013,DC
audio/Placa_6mm/E6013/DC/240912-141653_Audio/240912-141653_6013-2.wav,240912-141653_Audio,4,Placa_6mm,E6013,DC,Placa_6mm,E6013,DC,Placa_6mm,E6013,DC
audio/Placa_6mm/E6013/DC/240912-141653_Audio/240912-141653_6013-2.wav,240912-141653_Audio,5,Placa_6mm,E6013,DC,Placa_6mm,E6013,DC,Placa_6mm,E6013,DC
audio/Placa_6mm/E6013/DC/240912-141653_Audio/240912-141653_6013-2.wav,240912-141653_Audio,6,Placa_6mm,E6013,DC,Placa_6mm,E6013,DC,Placa_6mm,E6013,DC
audio/Placa_6mm/E6013/DC/240912-141653_Audio/240912-141653_6013-2.wav,240912-141653_Audio,7,Placa_6mm,E6013,DC,Placa_6mm,E6013,DC,Placa_6mm,E6013,DC
audio/Placa_6mm/E6013/DC/240912-141653_Audio/240912-141653_6013-2.wav,240912-141653_Audio,8,Placa_6mm,E6013,DC,Placa_6mm,E6013,DC,Placa_6mm,E6013,DC
audio/Placa_6mm/E6013/DC/240912-141653_Audio/240912-141653_6013-2.wav,240912-141653_Audio,9,Placa_6mm,E6013,DC,Placa_6mm,E6013,DC,Placa_6mm,E6013,DC
audio/Placa_6mm/E6013/DC/240912-141653_Audio/240912-141653_6013-2.wav,240912-141653_Audio,10,Placa_6mm,E6013,DC,Placa_6mm,E6013,DC,Placa_6mm,E6013,DC
audio/Placa_6mm/E6013/DC/240912-141653_Audio/240912-141653_6013-2.wav,240912-141653_Audio,11,Placa_6mm,E6013,DC,Placa_6mm,E6013,DC,Placa_6mm,E6013,DC
audio/Placa_6mm/E6013/DC/240912-141653_Audio/240912-141653_6013-2.wav,240912-141653_Audio,12,Placa_6mm,E6013,DC,Placa_6mm,E6013,DC,Placa_6mm,E6013,DC
audio/Placa_6mm/E6013/DC/240912-141653_Audio/240912-141653_6013-2.wav,240912-141653_Audio,13,Placa_6mm,E6013,DC,Placa_6mm,E6013,DC,Placa_6mm,E6013,DC
audio/Placa_6mm/E6013/DC/240912-141653_Audio/240912-141653_6013-2.wav,240912-141653_Audio,14,Placa_6mm,E6013,DC,Placa_6mm,E6013,DC,Placa_6mm,E6013,DC
audio/Placa_6mm/E6013/DC/240912-141653_Audio/240912-141653_6013-2.wav,240912-141653_Audio,15,Placa_6mm,E6013,DC,Placa_6mm,E6013,DC,Placa_6mm,E6013,DC
audio/Placa_6mm/E7018/DC/240826-131644_Audio/240826-131644_6013-2.wav,240826-131644_Audio,0,Placa_6mm,E7018,DC,Placa_6mm,E7018,DC,Placa_12mm,E6011,AC
audio/Placa_6mm/E7018/DC/240826-131644_Audio/240826-131644_6013-2.wav,240826-131644_Audio,1,Placa_6mm,E7018,DC,Placa_6mm,E7018,DC,Placa_6mm,E6011,AC
audio/Placa_6mm/E7018/DC/240826-131644_Audio/240826-131644_6013-2.wav,240826-131644_Audio,2,Placa_6mm,E7018,DC,Placa_6mm,E7018,DC,Placa_12mm,E6011,AC
audio/Placa_6mm/E7018/DC/240826-131644_Audio/240826-131644_6013-2.wav,240826-131644_Audio,3,Placa_6mm,E7018,DC,Placa_6mm,E7018,DC,Placa_6mm,E6011,AC
audio/Placa_6mm/E7018/DC/240826-131644_Audio/240826-131644_6013-2.wav,240826-131644_Audio,4,Placa_6mm,E7018,DC,Placa_6mm,E7018,DC,Placa_6mm,E6011,AC
audio/Placa_6mm/E7018/DC/240826-131644_Audio/240826-131644_6013-2.wav,240826-131644_Audio,5,Placa_6mm,E7018,DC,Placa_6mm,E7018,DC,Placa_6mm,E6010,AC
audio/Placa_6mm/E7018/DC/240826-131644_Audio/240826-131644_6013-2.wav,240826-131644_Audio,6,Placa_6mm,E7018,DC,Placa_6mm,E7018,DC,Placa_3mm,E6011,AC
audio/Placa_6mm/E7018/DC/240826-131644_Audio/240826-131644_6013-2.wav,240826-131644_Audio,7,Placa_6mm,E7018,DC,Placa_6mm,E7018,DC,Placa_6mm,E6011,AC
audio/Placa_6mm/E7018/DC/240826-131644_Audio/240826-131644_6013-2.wav,240826-131644_Audio,8,Placa_6mm,E7018,DC,Placa_6mm,E7018,DC,Placa_12mm,E6013,AC
audio/Placa_6mm/E7018/DC/240826-131644_Audio/240826-131644_6013-2.wav,240826-131644_Audio,9,Placa_6mm,E7018,DC,Placa_6mm,E7018,DC,Placa_6mm,E6011,AC
audio/Placa_6mm/E7018/DC/240826-131644_Audio/240826-131644_6013-2.wav,240826-131644_Audio,10,Placa_6mm,E7018,DC,Placa_6mm,E7018,DC,Placa_12mm,E6013,AC
audio/Placa_6mm/E7018/DC/240826-131644_Audio/240826-131644_6013-2.wav,240826-131644_Audio,11,Placa_6mm,E7018,DC,Placa_6mm,E7018,DC,Placa_6mm,E7018,AC
audio/Placa_6mm/E7018/DC/240826-131644_Audio/240826-131644_6013-2.wav,240826-131644_Audio,12,Placa_6mm,E7018,DC,Placa_6mm,E7018,DC,Placa_6mm,E7018,DC
audio/Placa_6mm/E7018/DC/240826-131644_Audio/240826-131644_6013-2.wav,240826-131644_Audio,13,Placa_6mm,E7018,DC,Placa_6mm,E7018,DC,Placa_6mm,E7018,DC
audio/Placa_6mm/E7018/DC/240826-131644_Audio/240826-131644_6013-2.wav,240826-131644_Audio,14,Placa_6mm,E7018,DC,Placa_6mm,E7018,DC,Placa_6mm,E7018,DC
audio/Placa_6mm/E7018/DC/240826-131644_Audio/240826-131644_6013-2.wav,240826-131644_Audio,15,Placa_6mm,E7018,DC,Placa_6mm,E7018,DC,Placa_6mm,E7018,DC
audio/Placa_6mm/E7018/DC/240826-131644_Audio/240826-131644_6013-2.wav,240826-131644_Audio,16,Placa_6mm,E7018,DC,Placa_6mm,E7018,DC,Placa_6mm,E7018,DC
audio/Placa_6mm/E7018/DC/240826-131644_Audio/240826-131644_6013-2.wav,240826-131644_Audio,17,Placa_6mm,E7018,DC,Placa_6mm,E7018,DC,Placa_6mm,E7018,DC
audio/Placa_6mm/E7018/DC/240826-131644_Audio/240826-131644_6013-2.wav,240826-131644_Audio,18,Placa_6mm,E7018,DC,Placa_6mm,E7018,DC,Placa_6mm,E6011,AC
audio/Placa_6mm/E7018/DC/240826-131644_Audio/240826-131644_6013-2.wav,240826-131644_Audio,19,Placa_6mm,E7018,DC,Placa_6mm,E7018,DC,Placa_6mm,E7018,DC
audio/Placa_6mm/E7018/DC/240826-131644_Audio/240826-131644_6013-2.wav,240826-131644_Audio,20,Placa_6mm,E7018,DC,Placa_6mm,E7018,DC,Placa_6mm,E7018,DC
audio/Placa_6mm/E7018/DC/240826-131644_Audio/240826-131644_6013-2.wav,240826-131644_Audio,21,Placa_6mm,E7018,DC,Placa_6mm,E7018,DC,Placa_6mm,E7018,DC
audio/Placa_6mm/E7018/DC/240826-131644_Audio/240826-131644_6013-2.wav,240826-131644_Audio,22,Placa_6mm,E7018,DC,Placa_6mm,E7018,DC,Placa_6mm,E7018,DC
audio/Placa_6mm/E7018/DC/240826-131644_Audio/240826-131644_6013-2.wav,240826-131644_Audio,23,Placa_6mm,E7018,DC,Placa_6mm,E7018,DC,Placa_6mm,E7018,DC
audio/Placa_6mm/E7018/DC/240826-131644_Audio/240826-131644_6013-2.wav,240826-131644_Audio,24,Placa_6mm,E7018,DC,Placa_6mm,E7018,DC,Placa_6mm,E7018,DC
audio/Placa_6mm/E7018/DC/240826-131644_Audio/240826-131644_6013-2.wav,240826-131644_Audio,25,Placa_6mm,E7018,DC,Placa_6mm,E7018,DC,Placa_6mm,E7018,DC
audio/Placa_6mm/E7018/DC/240826-131644_Audio/240826-131644_6013-2.wav,240826-131644_Audio,26,Placa_6mm,E7018,DC,Placa_6mm,E7018,DC,Placa_6mm,E7018,DC
audio/Placa_6mm/E7018/DC/240826-131644_Audio/240826-131644_6013-2.wav,240826-131644_Audio,27,Placa_6mm,E7018,DC,Placa_6mm,E7018,DC,Placa_6mm,E7018,DC
audio/Placa_6mm/E7018/DC/240826-131644_Audio/240826-131644_6013-2.wav,240826-131644_Audio,28,Placa_6mm,E7018,DC,Placa_6mm,E7018,DC,Placa_6mm,E7018,DC
audio/Placa_6mm/E7018/DC/240826-131644_Audio/240826-131644_6013-2.wav,240826-131644_Audio,29,Placa_6mm,E7018,DC,Placa_6mm,E7018,DC,Placa_6mm,E7018,DC
audio/Placa_6mm/E7018/DC/240826-131644_Audio/240826-131644_6013-2.wav,240826-131644_Audio,30,Placa_6mm,E7018,DC,Placa_6mm,E7018,DC,Placa_6mm,E7018,DC
audio/Placa_6mm/E7018/DC/240826-131644_Audio/240826-131644_6013-2.wav,240826-131644_Audio,31,Placa_6mm,E7018,DC,Placa_6mm,E7018,DC,Placa_6mm,E7018,DC
audio/Placa_6mm/E7018/DC/240826-135150_Audio/240826-135150_6013-2.wav,240826-135150_Audio,0,Placa_6mm,E7018,DC,Placa_6mm,E7018,DC,Placa_6mm,E7018,DC
audio/Placa_6mm/E7018/DC/240826-135150_Audio/240826-135150_6013-2.wav,240826-135150_Audio,1,Placa_6mm,E7018,DC,Placa_6mm,E7018,DC,Placa_3mm,E7018,DC
audio/Placa_6mm/E7018/DC/240826-135150_Audio/240826-135150_6013-2.wav,240826-135150_Audio,2,Placa_6mm,E7018,DC,Placa_6mm,E7018,DC,Placa_12mm,E6013,AC
audio/Placa_6mm/E7018/DC/240826-135150_Audio/240826-135150_6013-2.wav,240826-135150_Audio,3,Placa_6mm,E7018,DC,Placa_6mm,E7018,DC,Placa_3mm,E7018,DC
audio/Placa_6mm/E7018/DC/240826-135150_Audio/240826-135150_6013-2.wav,240826-135150_Audio,4,Placa_6mm,E7018,DC,Placa_6mm,E7018,DC,Placa_12mm,E6010,AC
audio/Placa_6mm/E7018/DC/240826-135150_Audio/240826-135150_6013-2.wav,240826-135150_Audio,5,Placa_6mm,E7018,DC,Placa_6mm,E7018,DC,Placa_3mm,E6013,AC
audio/Placa_6mm/E7018/DC/240826-135150_Audio/240826-135150_6013-2.wav,240826-135150_Audio,6,Placa_6mm,E7018,DC,Placa_6mm,E7018,DC,Placa_3mm,E6013,AC
audio/Placa_6mm/E7018/DC/240826-135150_Audio/240826-135150_6013-2.wav,240826-135150_Audio,7,Placa_6mm,E7018,DC,Placa_6mm,E7018,DC,Placa_3mm,E6013,AC
audio/Placa_6mm/E7018/DC/240826-135150_Audio/240826-135150_6013-2.wav,240826-135150_Audio,8,Placa_6mm,E7018,DC,Placa_6mm,E7018,DC,Placa_3mm,E6013,AC
audio/Placa_6mm/E7018/DC/240826-135150_Audio/240826-135150_6013-2.wav,240826-135150_Audio,9,Placa_6mm,E7018,DC,Placa_6mm,E7018,DC,Placa_3mm,E6013,AC
audio/Placa_6mm/E7018/DC/240826-135150_Audio/240826-135150_6013-2.wav,240826-135150_Audio,10,Placa_6mm,E7018,DC,Placa_6mm,E7018,DC,Placa_3mm,E6013,AC
audio/Placa_6mm/E7018/DC/240826-135150_Audio/240826-135150_6013-2.wav,240826-135150_Audio,11,Placa_6mm,E7018,DC,Placa_6mm,E7018,DC,Placa_12mm,E6013,AC
audio/Placa_6mm/E7018/DC/240826-135150_Audio/240826-135150_6013-2.wav,240826-135150_Audio,12,Placa_6mm,E7018,DC,Placa_6mm,E7018,DC,Placa_12mm,E6011,AC
audio/Placa_6mm/E7018/DC/240826-135150_Audio/240826-135150_6013-2.wav,240826-135150_Audio,13,Placa_6mm,E7018,DC,Placa_6mm,E7018,DC,Placa_3mm,E7018,AC
audio/Placa_6mm/E7018/DC/240826-135150_Audio/240826-135150_6013-2.wav,240826-135150_Audio,14,Placa_6mm,E7018,DC,Placa_6mm,E7018,DC,Placa_3mm,E6013,AC
audio/Placa_6mm/E7018/DC/240826-135150_Audio/240826-135150_6013-2.wav,240826-135150_Audio,15,Placa_6mm,E7018,DC,Placa_6mm,E7018,DC,Placa_3mm,E6013,AC
audio/Placa_6mm/E7018/DC/240826-135150_Audio/240826-135150_6013-2.wav,240826-135150_Audio,16,Placa_6mm,E7018,DC,Placa_6mm,E7018,DC,Placa_12mm,E6013,AC
audio/Placa_6mm/E7018/DC/240826-135150_Audio/240826-135150_6013-2.wav,240826-135150_Audio,17,Placa_6mm,E7018,DC,Placa_6mm,E7018,DC,Placa_6mm,E7018,DC
audio/Placa_6mm/E7018/DC/240826-135150_Audio/240826-135150_6013-2.wav,240826-135150_Audio,18,Placa_6mm,E7018,DC,Placa_6mm,E7018,DC,Placa_6mm,E6011,DC
audio/Placa_6mm/E7018/DC/240826-135150_Audio/240826-135150_6013-2.wav,240826-135150_Audio,19,Placa_6mm,E7018,DC,Placa_6mm,E7018,DC,Placa_12mm,E6010,DC
audio/Placa_6mm/E7018/DC/240826-135150_Audio/240826-135150_6013-2.wav,240826-135150_Audio,20,Placa_6mm,E7018,DC,Placa_6mm,E7018,DC,Placa_6mm,E7018,DC
audio/Placa_6mm/E7018/DC/240826-135150_Audio/240826-135150_6013-2.wav,240826-135150_Audio,21,Placa_6mm,E7018,DC,Placa_6mm,E7018,DC,Placa_6mm,E7018,DC
audio/Placa_6mm/E7018/DC/240826-135150_Audio/240826-135150_6013-2.wav,240826-135150_Audio,22,Placa_6mm,E7018,DC,Placa_6mm,E7018,DC,Placa_6mm,E7018,DC
audio/Placa_6mm/E7018/DC/240826-135150_Audio/240826-135150_6013-2.wav,240826-135150_Audio,23,Placa_6mm,E7018,DC,Placa_6mm,E7018,DC,Placa_12mm,E6011,AC
audio/Placa_6mm/E7018/DC/240826-135150_Audio/240826-135150_6013-2.wav,240826-135150_Audio,24,Placa_6mm,E7018,DC,Placa_6mm,E7018,DC,Placa_12mm,E7018,DC
audio/Placa_6mm/E7018/DC/240826-135150_Audio/240826-135150_6013-2.wav,240826-135150_Audio,25,Placa_6mm,E7018,DC,Placa_6mm,E7018,DC,Placa_3mm,E7018,DC
audio/Placa_6mm/E7018/DC/240826-135150_Audio/240826-135150_6013-2.wav,240826-135150_Audio,26,Placa_6mm,E7018,DC,Placa_6mm,E7018,DC,Placa_3mm,E7018,DC
audio/Placa_6mm/E7018/DC/240826-135150_Audio/240826-135150_6013-2.wav,240826-135150_Audio,27,Placa_6mm,E7018,DC,Placa_6mm,E7018,DC,Placa_3mm,E7018,DC
audio/Placa_6mm/E7018/DC/240826-135150_Audio/240826-135150_6013-2.wav,240826-135150_Audio,28,Placa_6mm,E7018,DC,Placa_6mm,E7018,DC,Placa_3mm,E7018,DC
audio/Placa_6mm/E7018/DC/240826-135150_Audio/240826-135150_6013-2.wav,240826-135150_Audio,29,Placa_6mm,E7018,DC,Placa_6mm,E7018,DC,Placa_3mm,E7018,AC
audio/Placa_6mm/E7018/DC/240826-135150_Audio/240826-135150_6013-2.wav,240826-135150_Audio,30,Placa_6mm,E7018,DC,Placa_6mm,E7018,DC,Placa_6mm,E7018,DC
audio/Placa_6mm/E7018/DC/240826-135150_Audio/240826-135150_6013-2.wav,240826-135150_Audio,31,Placa_6mm,E7018,DC,Placa_6mm,E7018,DC,Placa_3mm,E6013,AC
audio/Placa_6mm/E7018/DC/240826-135150_Audio/240826-135150_6013-2.wav,240826-135150_Audio,32,Placa_6mm,E7018,DC,Placa_6mm,E7018,DC,Placa_3mm,E6013,AC
audio/Placa_6mm/E7018/DC/240826-135150_Audio/240826-135150_6013-2.wav,240826-135150_Audio,33,Placa_6mm,E7018,DC,Placa_6mm,E7018,DC,Placa_3mm,E6013,AC
audio/Placa_6mm/E7018/DC/240826-135150_Audio/240826-135150_6013-2.wav,240826-135150_Audio,34,Placa_6mm,E7018,DC,Placa_6mm,E7018,DC,Placa_3mm,E6013,AC
audio/Placa_6mm/E7018/DC/240826-135150_Audio/240826-135150_6013-2.wav,240826-135150_Audio,35,Placa_6mm,E7018,DC,Placa_6mm,E7018,DC,Placa_3mm,E6011,AC
audio/Placa_6mm/E7018/DC/240826-135150_Audio/240826-135150_6013-2.wav,240826-135150_Audio,36,Placa_6mm,E7018,DC,Placa_6mm,E7018,DC,Placa_3mm,E6013,AC
audio/Placa_6mm/E7018/DC/240826-135150_Audio/240826-135150_6013-2.wav,240826-135150_Audio,37,Placa_6mm,E7018,DC,Placa_6mm,E7018,DC,Placa_3mm,E6013,AC
audio/Placa_6mm/E7018/DC/240826-135150_Audio/240826-135150_6013-2.wav,240826-135150_Audio,38,Placa_6mm,E7018,DC,Placa_6mm,E7018,DC,Placa_3mm,E7018,DC
audio/Placa_6mm/E7018/DC/240826-135150_Audio/240826-135150_6013-2.wav,240826-135150_Audio,39,Placa_6mm,E7018,DC,Placa_6mm,E7018,DC,Placa_3mm,E7018,DC
audio/Placa_6mm/E7018/DC/240826-135150_Audio/240826-135150_6013-2.wav,240826-135150_Audio,40,Placa_6mm,E7018,DC,Placa_6mm,E7018,DC,Placa_3mm,E7018,DC
audio/Placa_6mm/E7018/DC/240826-135150_Audio/240826-135150_6013-2.wav,240826-135150_Audio,41,Placa_6mm,E7018,DC,Placa_6mm,E7018,DC,Placa_3mm,E7018,DC
audio/Placa_6mm/E7018/DC/240826-135150_Audio/240826-135150_6013-2.wav,240826-135150_Audio,42,Placa_6mm,E7018,DC,Placa_6mm,E7018,DC,Placa_3mm,E6013,AC
audio/Placa_6mm/E7018/DC/240826-135150_Audio/240826-135150_6013-2.wav,240826-135150_Audio,43,Placa_6mm,E7018,DC,Placa_6mm,E7018,DC,Placa_3mm,E6013,AC
audio/Placa_6mm/E7018/DC/240826-135150_Audio/240826-135150_6013-2.wav,240826-135150_Audio,44,Placa_6mm,E7018,DC,Placa_6mm,E7018,DC,Placa_3mm,E6010,AC
audio/Placa_6mm/E7018/DC/240826-135150_Audio/240826-135150_6013-2.wav,240826-135150_Audio,45,Placa_6mm,E7018,DC,Placa_6mm,E7018,DC,Placa_3mm,E7018,AC
audio/Placa_6mm/E7018/DC/240826-135150_Audio/240826-135150_6013-2.wav,240826-135150_Audio,46,Placa_6mm,E7018,DC,Placa_6mm,E7018,DC,Placa_3mm,E7018,DC
audio/Placa_6mm/E7018/DC/240826-135150_Audio/240826-135150_6013-2.wav,240826-135150_Audio,47,Placa_6mm,E7018,DC,Placa_6mm,E7018,DC,Placa_3mm,E7018,DC
audio/Placa_6mm/E7018/DC/240826-135150_Audio/240826-135150_6013-2.wav,240826-135150_Audio,48,Placa_6mm,E7018,DC,Placa_6mm,E7018,DC,Placa_3mm,E6013,AC
audio/Placa_6mm/E7018/DC/240826-135150_Audio/240826-135150_6013-2.wav,240826-135150_Audio,49,Placa_6mm,E7018,DC,Placa_6mm,E7018,DC,Placa_3mm,E6013,AC
audio/Placa_6mm/E7018/DC/240826-135150_Audio/240826-135150_6013-2.wav,240826-135150_Audio,50,Placa_6mm,E7018,DC,Placa_6mm,E7018,DC,Placa_12mm,E6010,DC
audio/Placa_6mm/E7018/DC/240826-135150_Audio/240826-135150_6013-2.wav,240826-135150_Audio,51,Placa_6mm,E7018,DC,Placa_6mm,E7018,DC,Placa_3mm,E6011,AC
audio/Placa_6mm/E7018/DC/240826-135150_Audio/240826-135150_6013-2.wav,240826-135150_Audio,52,Placa_6mm,E7018,DC,Placa_6mm,E7018,DC,Placa_3mm,E6013,AC
audio/Placa_6mm/E7018/DC/240826-135150_Audio/240826-135150_6013-2.wav,240826-135150_Audio,53,Placa_6mm,E7018,DC,Placa_6mm,E7018,DC,Placa_3mm,E6011,AC
audio/Placa_6mm/E7018/DC/240826-135150_Audio/240826-135150_6013-2.wav,240826-135150_Audio,54,Placa_6mm,E7018,DC,Placa_6mm,E7018,DC,Placa_12mm,E6011,AC
audio/Placa_6mm/E7018/DC/240826-135150_Audio/240826-135150_6013-2.wav,240826-135150_Audio,55,Placa_6mm,E7018,DC,Placa_6mm,E7018,DC,Placa_3mm,E6010,AC
audio/Placa_6mm/E7018/DC/240826-135150_Audio/240826-135150_6013-2.wav,240826-135150_Audio,56,Placa_6mm,E7018,DC,Placa_6mm,E7018,DC,Placa_6mm,E7018,DC
audio/Placa_6mm/E7018/DC/240826-135150_Audio/240826-135150_6013-2.wav,240826-135150_Audio,57,Placa_6mm,E7018,DC,Placa_6mm,E7018,DC,Placa_12mm,E7018,DC
audio/Placa_6mm/E7018/DC/240826-135150_Audio/240826-135150_6013-2.wav,240826-135150_Audio,58,Placa_6mm,E7018,DC,Placa_6mm,E7018,DC,Placa_3mm,E6013,AC
audio/Placa_6mm/E7018/DC/240826-135150_Audio/240826-135150_6013-2.wav,240826-135150_Audio,59,Placa_6mm,E7018,DC,Placa_6mm,E7018,DC,Placa_3mm,E6013,AC
audio/Placa_6mm/E7018/DC/240826-135150_Audio/240826-135150_6013-2.wav,240826-135150_Audio,60,Placa_6mm,E7018,DC,Placa_6mm,E7018,DC,Placa_3mm,E6013,AC
audio/Placa_6mm/E7018/DC/240826-135150_Audio/240826-135150_6013-2.wav,240826-135150_Audio,61,Placa_6mm,E7018,DC,Placa_6mm,E7018,DC,Placa_3mm,E6013,AC
audio/Placa_6mm/E7018/DC/240826-135150_Audio/240826-135150_6013-2.wav,240826-135150_Audio,62,Placa_6mm,E7018,DC,Placa_6mm,E7018,DC,Placa_6mm,E7018,DC
audio/Placa_6mm/E7018/DC/240826-135150_Audio/240826-135150_6013-2.wav,240826-135150_Audio,63,Placa_6mm,E7018,DC,Placa_6mm,E7018,DC,Placa_6mm,E7018,DC
audio/Placa_6mm/E7018/DC/240826-135150_Audio/240826-135150_6013-2.wav,240826-135150_Audio,64,Placa_6mm,E7018,DC,Placa_6mm,E7018,DC,Placa_3mm,E6013,AC
audio/Placa_6mm/E7018/DC/240826-135150_Audio/240826-135150_6013-2.wav,240826-135150_Audio,65,Placa_6mm,E7018,DC,Placa_6mm,E7018,DC,Placa_3mm,E7018,DC
audio/Placa_6mm/E7018/DC/240826-135150_Audio/240826-135150_6013-2.wav,240826-135150_Audio,66,Placa_6mm,E7018,DC,Placa_6mm,E7018,DC,Placa_3mm,E6013,AC
audio/Placa_6mm/E7018/DC/240826-135150_Audio/240826-135150_6013-2.wav,240826-135150_Audio,67,Placa_6mm,E7018,DC,Placa_6mm,E7018,DC,Placa_6mm,E7018,AC
audio/Placa_6mm/E7018/DC/240826-135150_Audio/240826-135150_6013-2.wav,240826-135150_Audio,68,Placa_6mm,E7018,DC,Placa_6mm,E7018,DC,Placa_6mm,E7018,DC
audio/Placa_6mm/E7018/DC/240826-135150_Audio/240826-135150_6013-2.wav,240826-135150_Audio,69,Placa_6mm,E7018,DC,Placa_6mm,E7018,DC,Placa_3mm,E6013,AC
audio/Placa_6mm/E7018/DC/240826-135150_Audio/240826-135150_6013-2.wav,240826-135150_Audio,70,Placa_6mm,E7018,DC,Placa_6mm,E7018,DC,Placa_3mm,E6013,AC
audio/Placa_6mm/E7018/DC/240826-135150_Audio/240826-135150_6013-2.wav,240826-135150_Audio,71,Placa_6mm,E7018,DC,Placa_6mm,E7018,DC,Placa_3mm,E6013,AC
audio/Placa_6mm/E7018/DC/240826-135150_Audio/240826-135150_6013-2.wav,240826-135150_Audio,72,Placa_6mm,E7018,DC,Placa_6mm,E7018,DC,Placa_3mm,E7018,DC
audio/Placa_6mm/E7018/DC/240826-135150_Audio/240826-135150_6013-2.wav,240826-135150_Audio,73,Placa_6mm,E7018,DC,Placa_6mm,E7018,DC,Placa_12mm,E7018,DC
audio/Placa_6mm/E7018/DC/240826-135150_Audio/240826-135150_6013-2.wav,240826-135150_Audio,74,Placa_6mm,E7018,DC,Placa_6mm,E7018,DC,Placa_6mm,E7018,DC
audio/Placa_6mm/E7018/DC/240826-135150_Audio/240826-135150_6013-2.wav,240826-135150_Audio,75,Placa_6mm,E7018,DC,Placa_6mm,E7018,DC,Placa_6mm,E7018,DC
audio/Placa_6mm/E7018/DC/240826-135150_Audio/240826-135150_6013-2.wav,240826-135150_Audio,76,Placa_6mm,E7018,DC,Placa_6mm,E7018,DC,Placa_3mm,E6013,AC
audio/Placa_6mm/E7018/DC/240826-135150_Audio/240826-135150_6013-2.wav,240826-135150_Audio,77,Placa_6mm,E7018,DC,Placa_6mm,E7018,DC,Placa_3mm,E6013,AC
audio/Placa_6mm/E7018/DC/240826-135150_Audio/240826-135150_6013-2.wav,240826-135150_Audio,78,Placa_6mm,E7018,DC,Placa_6mm,E7018,DC,Placa_12mm,E7018,DC
audio/Placa_6mm/E7018/DC/240826-135150_Audio/240826-135150_6013-2.wav,240826-135150_Audio,79,Placa_6mm,E7018,DC,Placa_6mm,E7018,DC,Placa_6mm,E7018,DC
audio/Placa_6mm/E7018/DC/240826-135150_Audio/240826-135150_6013-2.wav,240826-135150_Audio,80,Placa_6mm,E7018,DC,Placa_6mm,E7018,DC,Placa_6mm,E7018,DC
audio/Placa_6mm/E7018/DC/240826-135150_Audio/240826-135150_6013-2.wav,240826-135150_Audio,81,Placa_6mm,E7018,DC,Placa_6mm,E7018,DC,Placa_6mm,E7018,DC
audio/Placa_6mm/E7018/DC/240826-135150_Audio/240826-135150_6013-2.wav,240826-135150_Audio,82,Placa_6mm,E7018,DC,Placa_6mm,E7018,DC,Placa_6mm,E7018,DC
audio/Placa_6mm/E7018/DC/240826-135150_Audio/240826-135150_6013-2.wav,240826-135150_Audio,83,Placa_6mm,E7018,DC,Placa_6mm,E7018,DC,Placa_6mm,E6010,DC
audio/Placa_6mm/E7018/DC/240826-135150_Audio/240826-135150_6013-2.wav,240826-135150_Audio,84,Placa_6mm,E7018,DC,Placa_6mm,E7018,DC,Placa_12mm,E6010,DC
audio/Placa_6mm/E7018/DC/240826-135150_Audio/240826-135150_6013-2.wav,240826-135150_Audio,85,Placa_6mm,E7018,DC,Placa_6mm,E7018,DC,Placa_12mm,E6010,DC
audio/Placa_6mm/E7018/DC/240826-135150_Audio/240826-135150_6013-2.wav,240826-135150_Audio,86,Placa_6mm,E7018,DC,Placa_6mm,E7018,DC,Placa_12mm,E6010,DC
audio/Placa_6mm/E7018/DC/240826-135150_Audio/240826-135150_6013-2.wav,240826-135150_Audio,87,Placa_6mm,E7018,DC,Placa_6mm,E7018,DC,Placa_12mm,E6010,DC
audio/Placa_6mm/E7018/DC/240826-135150_Audio/240826-135150_6013-2.wav,240826-135150_Audio,88,Placa_6mm,E7018,DC,Placa_6mm,E7018,DC,Placa_12mm,E6010,DC
audio/Placa_6mm/E7018/DC/240826-135150_Audio/240826-135150_6013-2.wav,240826-135150_Audio,89,Placa_6mm,E7018,DC,Placa_6mm,E7018,DC,Placa_12mm,E6010,DC
audio/Placa_6mm/E7018/DC/240826-135150_Audio/240826-135150_6013-2.wav,240826-135150_Audio,90,Placa_6mm,E7018,DC,Placa_6mm,E7018,DC,Placa_12mm,E6010,AC
audio/Placa_6mm/E7018/DC/240826-135150_Audio/240826-135150_6013-2.wav,240826-135150_Audio,91,Placa_6mm,E7018,DC,Placa_6mm,E7018,DC,Placa_12mm,E6010,AC
audio/Placa_6mm/E7018/DC/240826-135150_Audio/240826-135150_6013-2.wav,240826-135150_Audio,92,Placa_6mm,E7018,DC,Placa_6mm,E7018,DC,Placa_12mm,E6010,DC
audio/Placa_6mm/E7018/DC/240826-135150_Audio/240826-135150_6013-2.wav,240826-135150_Audio,93,Placa_6mm,E7018,DC,Placa_6mm,E7018,DC,Placa_12mm,E6010,DC
audio/Placa_6mm/E7018/DC/240826-135150_Audio/240826-135150_6013-2.wav,240826-135150_Audio,94,Placa_6mm,E7018,DC,Placa_6mm,E7018,DC,Placa_12mm,E6010,DC
audio/Placa_6mm/E7018/DC/240826-135150_Audio/240826-135150_6013-2.wav,240826-135150_Audio,95,Placa_6mm,E7018,DC,Placa_6mm,E7018,DC,Placa_12mm,E6010,DC
audio/Placa_6mm/E7018/DC/240826-135150_Audio/240826-135150_6013-2.wav,240826-135150_Audio,96,Placa_6mm,E7018,DC,Placa_6mm,E7018,DC,Placa_6mm,E7018,DC
audio/Placa_6mm/E7018/DC/240826-135150_Audio/240826-135150_6013-2.wav,240826-135150_Audio,97,Placa_6mm,E7018,DC,Placa_6mm,E7018,DC,Placa_3mm,E7018,AC
audio/Placa_6mm/E7018/DC/240826-135150_Audio/240826-135150_6013-2.wav,240826-135150_Audio,98,Placa_6mm,E7018,DC,Placa_6mm,E7018,DC,Placa_3mm,E7018,DC
audio/Placa_6mm/E7018/DC/240826-135150_Audio/240826-135150_6013-2.wav,240826-135150_Audio,99,Placa_6mm,E7018,DC,Placa_6mm,E7018,DC,Placa_12mm,E6010,DC
audio/Placa_6mm/E7018/DC/240826-135150_Audio/240826-135150_6013-2.wav,240826-135150_Audio,100,Placa_6mm,E7018,DC,Placa_6mm,E7018,DC,Placa_12mm,E6010,DC
audio/Placa_6mm/E7018/DC/240826-135150_Audio/240826-135150_6013-2.wav,240826-135150_Audio,101,Placa_6mm,E7018,DC,Placa_6mm,E7018,DC,Placa_12mm,E6010,DC
audio/Placa_6mm/E7018/DC/240826-135150_Audio/240826-135150_6013-2.wav,240826-135150_Audio,102,Placa_6mm,E7018,DC,Placa_6mm,E7018,DC,Placa_12mm,E6010,DC
audio/Placa_6mm/E7018/DC/240826-135150_Audio/240826-135150_6013-2.wav,240826-135150_Audio,103,Placa_6mm,E7018,DC,Placa_6mm,E7018,DC,Placa_12mm,E6010,DC
audio/Placa_6mm/E7018/DC/240826-135150_Audio/240826-135150_6013-2.wav,240826-135150_Audio,104,Placa_6mm,E7018,DC,Placa_6mm,E7018,DC,Placa_12mm,E6010,DC
audio/Placa_6mm/E7018/DC/240826-135150_Audio/240826-135150_6013-2.wav,240826-135150_Audio,105,Placa_6mm,E7018,DC,Placa_6mm,E7018,DC,Placa_12mm,E6010,DC
audio/Placa_6mm/E7018/DC/240826-135150_Audio/240826-135150_6013-2.wav,240826-135150_Audio,106,Placa_6mm,E7018,DC,Placa_6mm,E7018,DC,Placa_12mm,E6010,DC
audio/Placa_6mm/E7018/DC/240826-135150_Audio/240826-135150_6013-2.wav,240826-135150_Audio,107,Placa_6mm,E7018,DC,Placa_6mm,E7018,DC,Placa_3mm,E6010,DC
audio/Placa_6mm/E7018/DC/240826-135150_Audio/240826-135150_6013-2.wav,240826-135150_Audio,108,Placa_6mm,E7018,DC,Placa_6mm,E7018,DC,Placa_3mm,E6013,AC
audio/Placa_6mm/E7018/DC/240826-135150_Audio/240826-135150_6013-2.wav,240826-135150_Audio,109,Placa_6mm,E7018,DC,Placa_6mm,E7018,DC,Placa_12mm,E6010,AC
audio/Placa_6mm/E7018/DC/240826-135150_Audio/240826-135150_6013-2.wav,240826-135150_Audio,110,Placa_6mm,E7018,DC,Placa_6mm,E7018,DC,Placa_3mm,E7018,DC
audio/Placa_6mm/E7018/DC/240826-135150_Audio/240826-135150_6013-2.wav,240826-135150_Audio,111,Placa_6mm,E7018,DC,Placa_6mm,E7018,DC,Placa_3mm,E7018,DC
audio/Placa_6mm/E7018/DC/240826-135150_Audio/240826-135150_6013-2.wav,240826-135150_Audio,112,Placa_6mm,E7018,DC,Placa_6mm,E7018,DC,Placa_3mm,E7018,AC
audio/Placa_6mm/E7018/DC/240826-135150_Audio/240826-135150_6013-2.wav,240826-135150_Audio,113,Placa_6mm,E7018,DC,Placa_6mm,E7018,DC,Placa_6mm,E6010,DC
audio/Placa_6mm/E7018/DC/240826-135150_Audio/240826-135150_6013-2.wav,240826-135150_Audio,114,Placa_6mm,E7018,DC,Placa_6mm,E7018,DC,Placa_3mm,E6013,AC
audio/Placa_6mm/E7018/DC/240826-135150_Audio/240826-135150_6013-2.wav,240826-135150_Audio,115,Placa_6mm,E7018,DC,Placa_6mm,E7018,DC,Placa_3mm,E6013,AC
audio/Placa_6mm/E7018/DC/240826-135150_Audio/240826-135150_6013-2.wav,240826-135150_Audio,116,Placa_6mm,E7018,DC,Placa_6mm,E7018,DC,Placa_6mm,E6010,DC
audio/Placa_6mm/E7018/DC/240826-135150_Audio/240826-135150_6013-2.wav,240826-135150_Audio,117,Placa_6mm,E7018,DC,Placa_6mm,E7018,DC,Placa_6mm,E6010,DC
audio/Placa_6mm/E7018/DC/240826-135150_Audio/240826-135150_6013-2.wav,240826-135150_Audio,118,Placa_6mm,E7018,DC,Placa_6mm,E7018,DC,Placa_6mm,E6010,DC
audio/Placa_6mm/E7018/DC/240826-135150_Audio/240826-135150_6013-2.wav,240826-135150_Audio,119,Placa_6mm,E7018,DC,Placa_6mm,E7018,DC,Placa_6mm,E6010,DC
audio/Placa_6mm/E7018/DC/240826-135150_Audio/240826-135150_6013-2.wav,240826-135150_Audio,120,Placa_6mm,E7018,DC,Placa_6mm,E7018,DC,Placa_6mm,E6010,DC
audio/Placa_6mm/E7018/DC/240826-135150_Audio/240826-135150_6013-2.wav,240826-135150_Audio,121,Placa_6mm,E7018,DC,Placa_6mm,E7018,DC,Placa_3mm,E7018,DC
audio/Placa_6mm/E7018/DC/240826-135150_Audio/240826-135150_6013-2.wav,240826-135150_Audio,122,Placa_6mm,E7018,DC,Placa_6mm,E7018,DC,Placa_3mm,E7018,DC
audio/Placa_6mm/E7018/DC/240826-135150_Audio/240826-135150_6013-2.wav,240826-135150_Audio,123,Placa_6mm,E7018,DC,Placa_6mm,E7018,DC,Placa_6mm,E7018,DC
audio/Placa_6mm/E7018/DC/240826-135150_Audio/240826-135150_6013-2.wav,240826-135150_Audio,124,Placa_6mm,E7018,DC,Placa_6mm,E7018,DC,Placa_3mm,E7018,AC
audio/Placa_6mm/E7018/DC/240826-135150_Audio/240826-135150_6013-2.wav,240826-135150_Audio,125,Placa_6mm,E7018,DC,Placa_6mm,E7018,DC,Placa_3mm,E6011,AC
audio/Placa_6mm/E7018/DC/240826-135150_Audio/240826-135150_6013-2.wav,240826-135150_Audio,126,Placa_6mm,E7018,DC,Placa_6mm,E7018,DC,Placa_3mm,E6010,DC
audio/Placa_6mm/E7018/DC/240826-135150_Audio/240826-135150_6013-2.wav,240826-135150_Audio,127,Placa_6mm,E7018,DC,Placa_6mm,E7018,DC,Placa_3mm,E7018,DC
audio/Placa_6mm/E7018/DC/240826-135150_Audio/240826-135150_6013-2.wav,240826-135150_Audio,128,Placa_6mm,E7018,DC,Placa_6mm,E7018,DC,Placa_3mm,E7018,DC
audio/Placa_6mm/E7018/DC/240826-135150_Audio/240826-135150_6013-2.wav,240826-135150_Audio,129,Placa_6mm,E7018,DC,Placa_6mm,E7018,DC,Placa_3mm,E6010,DC
audio/Placa_6mm/E7018/DC/240826-135150_Audio/240826-135150_6013-2.wav,240826-135150_Audio,130,Placa_6mm,E7018,DC,Placa_6mm,E7018,DC,Placa_6mm,E6010,DC
audio/Placa_6mm/E7018/DC/240826-135150_Audio/240826-135150_6013-2.wav,240826-135150_Audio,131,Placa_6mm,E7018,DC,Placa_6mm,E7018,DC,Placa_6mm,E6010,DC
audio/Placa_6mm/E7018/DC/240826-135150_Audio/240826-135150_6013-2.wav,240826-135150_Audio,132,Placa_6mm,E7018,DC,Placa_6mm,E7018,DC,Placa_6mm,E6010,DC
audio/Placa_6mm/E7018/DC/240826-135150_Audio/240826-135150_6013-2.wav,240826-135150_Audio,133,Placa_6mm,E7018,DC,Placa_6mm,E7018,DC,Placa_3mm,E6010,DC
audio/Placa_6mm/E7018/DC/240826-135150_Audio/240826-135150_6013-2.wav,240826-135150_Audio,134,Placa_6mm,E7018,DC,Placa_6mm,E7018,DC,Placa_6mm,E6010,DC
audio/Placa_6mm/E7018/DC/240826-135150_Audio/240826-135150_6013-2.wav,240826-135150_Audio,135,Placa_6mm,E7018,DC,Placa_6mm,E7018,DC,Placa_6mm,E6010,DC
audio/Placa_6mm/E7018/DC/240826-135150_Audio/240826-135150_6013-2.wav,240826-135150_Audio,136,Placa_6mm,E7018,DC,Placa_6mm,E7018,DC,Placa_12mm,E6010,DC
audio/Placa_6mm/E7018/DC/240826-135150_Audio/240826-135150_6013-2.wav,240826-135150_Audio,137,Placa_6mm,E7018,DC,Placa_6mm,E7018,DC,Placa_6mm,E6010,DC
audio/Placa_6mm/E7018/DC/240826-135150_Audio/240826-135150_6013-2.wav,240826-135150_Audio,138,Placa_6mm,E7018,DC,Placa_6mm,E7018,DC,Placa_6mm,E6010,DC
audio/Placa_6mm/E7018/DC/240826-135150_Audio/240826-135150_6013-2.wav,240826-135150_Audio,139,Placa_6mm,E7018,DC,Placa_6mm,E7018,DC,Placa_12mm,E6010,DC
audio/Placa_6mm/E7018/DC/240826-135150_Audio/240826-135150_6013-2.wav,240826-135150_Audio,140,Placa_6mm,E7018,DC,Placa_6mm,E7018,DC,Placa_6mm,E6010,DC
audio/Placa_6mm/E7018/DC/240826-135150_Audio/240826-135150_6013-2.wav,240826-135150_Audio,141,Placa_6mm,E7018,DC,Placa_6mm,E7018,DC,Placa_6mm,E7018,DC
audio/Placa_6mm/E7018/DC/240826-135150_Audio/240826-135150_6013-2.wav,240826-135150_Audio,142,Placa_6mm,E7018,DC,Placa_6mm,E7018,DC,Placa_6mm,E6010,DC
audio/Placa_6mm/E7018/DC/240826-135150_Audio/240826-135150_6013-2.wav,240826-135150_Audio,143,Placa_6mm,E7018,DC,Placa_6mm,E7018,DC,Placa_3mm,E6010,DC
audio/Placa_6mm/E7018/DC/240826-135150_Audio/240826-135150_6013-2.wav,240826-135150_Audio,144,Placa_6mm,E7018,DC,Placa_6mm,E7018,DC,Placa_6mm,E7018,DC
audio/Placa_6mm/E7018/DC/240826-135150_Audio/240826-135150_6013-2.wav,240826-135150_Audio,145,Placa_6mm,E7018,DC,Placa_6mm,E7018,DC,Placa_6mm,E7018,DC
audio/Placa_6mm/E7018/DC/240826-135150_Audio/240826-135150_6013-2.wav,240826-135150_Audio,146,Placa_6mm,E7018,DC,Placa_6mm,E7018,DC,Placa_6mm,E7018,DC
audio/Placa_6mm/E7018/DC/240826-135150_Audio/240826-135150_6013-2.wav,240826-135150_Audio,147,Placa_6mm,E7018,DC,Placa_6mm,E7018,DC,Placa_6mm,E7018,DC
audio/Placa_6mm/E7018/DC/240826-135150_Audio/240826-135150_6013-2.wav,240826-135150_Audio,148,Placa_6mm,E7018,DC,Placa_6mm,E7018,DC,Placa_3mm,E7018,DC
audio/Placa_6mm/E7018/DC/240826-135150_Audio/240826-135150_6013-2.wav,240826-135150_Audio,149,Placa_6mm,E7018,DC,Placa_6mm,E7018,DC,Placa_6mm,E7018,DC
audio/Placa_6mm/E7018/DC/240826-135150_Audio/240826-135150_6013-2.wav,240826-135150_Audio,150,Placa_6mm,E7018,DC,Placa_6mm,E7018,DC,Placa_6mm,E7018,DC
audio/Placa_6mm/E7018/DC/240826-135150_Audio/240826-135150_6013-2.wav,240826-135150_Audio,151,Placa_6mm,E7018,DC,Placa_6mm,E7018,DC,Placa_6mm,E7018,DC
audio/Placa_6mm/E7018/DC/240826-135150_Audio/240826-135150_6013-2.wav,240826-135150_Audio,152,Placa_6mm,E7018,DC,Placa_6mm,E7018,DC,Placa_6mm,E7018,DC
audio/Placa_6mm/E7018/DC/240826-135150_Audio/240826-135150_6013-2.wav,240826-135150_Audio,153,Placa_6mm,E7018,DC,Placa_6mm,E7018,DC,Placa_6mm,E7018,DC
audio/Placa_6mm/E7018/DC/240826-135150_Audio/240826-135150_6013-2.wav,240826-135150_Audio,154,Placa_6mm,E7018,DC,Placa_6mm,E7018,DC,Placa_6mm,E7018,DC
audio/Placa_6mm/E7018/DC/240826-135150_Audio/240826-135150_6013-2.wav,240826-135150_Audio,155,Placa_6mm,E7018,DC,Placa_6mm,E7018,DC,Placa_6mm,E7018,DC
audio/Placa_6mm/E7018/DC/240826-140427_Audio/240826-140427_6013-2.wav,240826-140427_Audio,0,Placa_6mm,E7018,DC,Placa_6mm,E7018,DC,Placa_12mm,E7018,DC
audio/Placa_6mm/E7018/DC/240826-140427_Audio/240826-140427_6013-2.wav,240826-140427_Audio,1,Placa_6mm,E7018,DC,Placa_6mm,E7018,DC,Placa_6mm,E7018,DC
audio/Placa_6mm/E7018/DC/240826-140427_Audio/240826-140427_6013-2.wav,240826-140427_Audio,2,Placa_6mm,E7018,DC,Placa_6mm,E7018,DC,Placa_6mm,E7018,DC
audio/Placa_6mm/E7018/DC/240826-140427_Audio/240826-140427_6013-2.wav,240826-140427_Audio,3,Placa_6mm,E7018,DC,Placa_6mm,E7018,DC,Placa_6mm,E7018,DC
audio/Placa_6mm/E7018/DC/240826-140427_Audio/240826-140427_6013-2.wav,240826-140427_Audio,4,Placa_6mm,E7018,DC,Placa_6mm,E7018,DC,Placa_6mm,E7018,DC
audio/Placa_6mm/E7018/DC/240826-140427_Audio/240826-140427_6013-2.wav,240826-140427_Audio,5,Placa_6mm,E7018,DC,Placa_6mm,E7018,DC,Placa_6mm,E7018,DC
audio/Placa_6mm/E7018/DC/240826-140427_Audio/240826-140427_6013-2.wav,240826-140427_Audio,6,Placa_6mm,E7018,DC,Placa_6mm,E7018,DC,Placa_6mm,E7018,DC
audio/Placa_6mm/E7018/DC/240826-140427_Audio/240826-140427_6013-2.wav,240826-140427_Audio,7,Placa_6mm,E7018,DC,Placa_6mm,E7018,DC,Placa_6mm,E7018,DC
audio/Placa_6mm/E7018/DC/240826-140427_Audio/240826-140427_6013-2.wav,240826-140427_Audio,8,Placa_6mm,E7018,DC,Placa_6mm,E7018,DC,Placa_6mm,E7018,DC
audio/Placa_6mm/E7018/DC/240826-140427_Audio/240826-140427_6013-2.wav,240826-140427_Audio,9,Placa_6mm,E7018,DC,Placa_6mm,E7018,DC,Placa_6mm,E7018,DC
audio/Placa_6mm/E7018/DC/240826-140427_Audio/240826-140427_6013-2.wav,240826-140427_Audio,10,Placa_6mm,E7018,DC,Placa_6mm,E7018,DC,Placa_6mm,E7018,DC
audio/Placa_6mm/E7018/DC/240826-140427_Audio/240826-140427_6013-2.wav,240826-140427_Audio,11,Placa_6mm,E7018,DC,Placa_6mm,E7018,DC,Placa_6mm,E7018,DC
audio/Placa_6mm/E7018/DC/240826-140427_Audio/240826-140427_6013-2.wav,240826-140427_Audio,12,Placa_6mm,E7018,DC,Placa_6mm,E7018,DC,Placa_6mm,E7018,DC
audio/Placa_6mm/E7018/DC/240826-140427_Audio/240826-140427_6013-2.wav,240826-140427_Audio,13,Placa_6mm,E7018,DC,Placa_6mm,E7018,DC,Placa_6mm,E7018,DC
audio/Placa_6mm/E7018/DC/240826-140427_Audio/240826-140427_6013-2.wav,240826-140427_Audio,14,Placa_6mm,E7018,DC,Placa_6mm,E7018,DC,Placa_6mm,E7018,DC
audio/Placa_6mm/E7018/DC/240826-140427_Audio/240826-140427_6013-2.wav,240826-140427_Audio,15,Placa_6mm,E7018,DC,Placa_6mm,E7018,DC,Placa_6mm,E7018,DC
